enr,id,multiaddr,epoch,metadata,long_lived_subnets,subscribed_subnets,client_version,crawler_id,crawler_location,timestamp
enr:-MK4QL0Zcy4Im9-G8LkhvmNqnGt7YzdJiO7pYtyUmBXWeHiYSocZZ8yQr55ohDbcLdBhEBf78ybkI6peRv_aiKkSTbqGAY3z9g8jh2F0dG5ldHOIABgAAAAAAACEZXRoMpBqlaGpBAAAAP__________gmlkgnY0gmlwhDa4VWaJc2VjcDI1NmsxoQLTIaw2TWEG0Q95Vswh0iYIfWH6fEd2kFM0WaVQ0_VtDIhzeW5jbmV0cwCDdGNwgjLIg3VkcIIu4A,16Uiu2HAm9dqnTSYPpqFevmJXXvRUavRzcEuYPVS2htkoQLumpu4w,/ip4/54.184.85.102/tcp/13000,286684,"{""seq_number"":82,""attnets"":""0018000000000000"",""syncnets"":""00""}","[11,12]","[63,11,12]",Prysm/v5.0.0/b7b017f5b607f04d4e9056a1ec8a6851a9c7da29,FLY_MACHINE_ID,FLY_REGION,1716910737176
enr:-Ma4QFhM2BUT69gJPlPh3Mf0WoAxG2fMUYlmUNQGUX3uGJmcNDnyxZYFSIYmR8LAwiOiNPFocStk7wbVFdH7X6qYO3WCcLOHYXR0bmV0c4gAAAAAAAAGAIRldGgykGqVoakEAAAA__________-CaWSCdjSCaXCEIk3uPYRxdWljgiZ9iXNlY3AyNTZrMaEDRpoeA3g_HrFW7VOrHVDUSKaILdnkpSsRXcC8VncEoBSIc3luY25ldHMGg3RjcIImfIN1ZHCCJnw,16Uiu2HAmHQbC4bRTKZ1ERziAgL9hnjPVYJjJgR7SK39tqzMwQ4TD,/ip4/34.77.238.61/tcp/9852,286684,"{""seq_number"":28781,""attnets"":""0000000000000600"",""syncnets"":""06""}","[49,50]","[59,6,49,12,50,9,44,2,11,9,19,12,22,44,30,59]",Lighthouse/v5.1.3-3058b96/x86_64-linux,FLY_MACHINE_ID,FLY_REGION,1716910739024
enr:-Ma4QGxS19_anSaHesm7hDWv2fMBkPajwVw64Y9SMtJGKA9UI6TW2byDlm1IyXOtKnQzomEJfF2hWFrY_mGtPC-XpXGCA32HYXR0bmV0c4gAAAAAAIABAIRldGgykGqVoakEAAAA__________-CaWSCdjSCaXCEA3gby4RxdWljgh9BiXNlY3AyNTZrMaECO6XrEO5kb9C_1g8MfIyb1z4zzbraEWtsCN825SoyuAmIc3luY25ldHMCg3RjcIIjKYN1ZHCCIyk,16Uiu2HAkySWmnvqcpyxCNKwjn1P6VDSvBgKzhBWAkAqsMRzDqxo2,/ip4/3.120.27.203/tcp/9001,286684,"{""seq_number"":822,""attnets"":""0000000000800100"",""syncnets"":""02""}","[47,48]","[47,37,44,31,48,49,31,18,37,44]",Lighthouse/v5.1.3-3058b96/aarch64-linux,FLY_MACHINE_ID,FLY_REGION,1716910739018
enr:-MK4QD5OINJlLYEE5Xy89K3NZQ6E-UGjbQHLV73_SHKoJcmHUg4oJo9lkLdTmsqPpo_JuxMSvZsglEg61IuPAs7dcRSGAY8a8F5-h2F0dG5ldHOIAwAAAAAAAACEZXRoMpBqlaGpBAAAAP__________gmlkgnY0gmlwhEIXyTqJc2VjcDI1NmsxoQLERt8r7bq7M9ws95gBiabtlOlhpD5J8zOkIm7KGtD2GIhzeW5jbmV0cwCDdGNwgjLIg3VkcIIu4A,16Uiu2HAm8drZuNh5G6Y5MmaPuJemuoCaNn5CWbfRF2TRwuuhVTh1,/ip4/66.23.201.58/tcp/13000,286684,"{""seq_number"":29,""attnets"":""0300000000000000"",""syncnets"":""00""}","[0,1]","[9,61,23,43,11,34,32,46,30,57,63,22,62,60,18,49,42,56,8,29,53,58,20,31,28,33,12,13,7,17,24,21,35,41,45,54,27,36,0,5,39,25,50,14,38,55,6,16,26,3,15,10,37,1,4,19,51,59,2,40,47,44,48,52]",Prysm/Unknown/Local build,FLY_MACHINE_ID,FLY_REGION,1716910740870
enr:-Ma4QFLGrLipwoEzEWpwM8IBQHV2gPMUPjCD01jnReG8hmrXa2kisCauyhwLpJ4jumVv3WMe-4-2sXHmU4sou8Z77FiCBWCHYXR0bmV0c4gADAAAAAAAAIRldGgykGqVoakEAAAA__________-CaWSCdjSCaXCEM1tqUIRxdWljgiMpiXNlY3AyNTZrMaEDRDTr-uuuLLKj4d2pfq_8M7wZrhDoKO0UpTGXVJ8aYh-Ic3luY25ldHMPg3RjcIIjKIN1ZHCCIyg,16Uiu2HAmHFEsu8VCyXTMErXYApVLszwYDVhHa2hLpoZ1oMdCTTn6,/ip4/51.91.106.80/tcp/9000,286684,"{""seq_number"":1338,""attnets"":""000c000000000000"",""syncnets"":""0f""}","[10,11]","[34,43,11,10,20,42,43]",Lighthouse/v5.1.3-3058b96/x86_64-linux,FLY_MACHINE_ID,FLY_REGION,1716910799015
enr:-Ly4QDi1goU0r2hAaVeXuP3OdrGU_beZWwLGxrKwKAMJF14FLfVABuxtZ-oDhiwUOzarfrm5TuOsQpBdkYbi4Cbv_i8Qh2F0dG5ldHOIABgAAAAAAACEZXRoMpBqlaGpBAAAAP__________gmlkgnY0gmlwhDNP5hqJc2VjcDI1NmsxoQLWSxMVYHr76qTANuKKn1AtNKyNva1T7DL0mDDE_TKr9YhzeW5jbmV0cwKDdGNwgiMog3VkcIIjKA,16Uiu2HAm9rBd89PjuhKQJ8HqKmmpjS9M5GY8yY1CmyCBsoEctrrp,/ip4/51.79.230.26/tcp/9000,286684,"{""seq_number"":10,""attnets"":""0018000000000000"",""syncnets"":""02""}","[11,12]","[11,12,44]",lodestar/v1.18.1,FLY_MACHINE_ID,FLY_REGION,1716910800531
enr:-Ma4QIPlI5Iw6WGqfmTdxrnIH_Do1k3CylqEjjZq8HBzRqXWI-F5mek_Z-G_tAGafJB2pSmYIrKteVaTtHMshK-t7XuCAXOHYXR0bmV0c4gAGAAAAAAAAIRldGgykGqVoakEAAAA__________-CaWSCdjSCaXCENvmt34RxdWljgjLJiXNlY3AyNTZrMaECZETvWaROj3L8tnNmFPXR_AbSYCkXe3L2px_Ky1Xb1dmIc3luY25ldHMHg3RjcIIyyIN1ZHCCLuA,16Uiu2HAm2B5iVaC8bGVhwZ2QHsH2dy8VFzfqCFqptMYTPzTNzVrQ,/ip4/54.249.173.223/tcp/13000,286684,"{""seq_number"":1217,""attnets"":""0018000000000000"",""syncnets"":""07""}","[11,12]","[40,12,51,42,55,34,3,6,18,43,25,59,17,8,11,44,14,41]",rust-libp2p/0.44.1,FLY_MACHINE_ID,FLY_REGION,1716910801143
enr:-Ma4QFTpCslDJ_ZkcaOaA-F_3kbmMw5jUHLbScWFSFWHGAzwIcKvrwncVg5Zwv1pPFM-w_ioQFC0Pkh1e2BB28A3MpKCCnyHYXR0bmV0c4gAAAAAAAAADIRldGgykGqVoakEAAAA__________-CaWSCdjSCaXCEWZXaBYRxdWljgiMpiXNlY3AyNTZrMaEDmM5Em24T0GGVdA-k0MBsS1hk6XlPd3UlnzJ1aJiimmGIc3luY25ldHMLg3RjcIIjKIN1ZHCCIyg,16Uiu2HAmNwUkAwJKjKAv6qKEtU6v9eYRc7nt5zfyBTXddjUDTB8t,/ip4/89.149.218.5/tcp/9000,286684,"{""seq_number"":2611,""attnets"":""000000000000000c"",""syncnets"":""0b""}","[58,59]","[53,44,58,32,1,27,59,11,54]",Lighthouse/v5.1.3-3058b96/x86_64-linux,FLY_MACHINE_ID,FLY_REGION,1716910816044
enr:-MS4QBw3kcOkLWmlr5o-6lRvdZ976Rvu-gupW4a-vJ3CkomvKKFTOdvTbjcBU6VY-AHRPWRCVFUn9pi2GYGq8HDXduF-h2F0dG5ldHOIAAAAADAAAACEZXRoMpBqlaGpBAAAAP__________gmlkgnY0gmlwhCJDSt2EcXVpY4IjKYlzZWNwMjU2azGhA7BCT0KsecD9UBgLaK1ZFnS29jSUB5x6VVaFwTXLyG0HiHN5bmNuZXRzD4N0Y3CCIyiDdWRwgiMo,16Uiu2HAmQX2kTDkgRhmzi8dupijfm3RpYuhW2KAYgKmZyLibJcXg,/ip4/34.67.74.221/tcp/9000,286684,"{""seq_number"":111,""attnets"":""0000000030000000"",""syncnets"":""0f""}","[36,37]","[34,63,2,36,44,37,21,53,14,35,11,57]",Lighthouse/v5.1.3-3058b96/x86_64-linux,FLY_MACHINE_ID,FLY_REGION,1716910829678
enr:-L64QG19tkQo5ydhIcOOdILas4Hhp7hAcBMAHcR9lNnEiNXECzy6MVgyu3_54yBR9NKmpoWnxqtF1yYAubLKywrXVjOCAt6HYXR0bmV0c4gAAAMAAAAAAIRldGgykGqVoakEAAAA__________-CaWSCdjSCaXCEojf7XolzZWNwMjU2azGhAx7TUpfEYRjG7Tfri1OpQu0ig160-Ltng2Ji3MWuALxfiHN5bmNuZXRzAIN0Y3CCIyiDdWRwgiMo,16Uiu2HAmEjKUak7Lg74XX7FvKBBSSM1Zyvxx9PB6MH3FDcLkr8Zk,/ip4/162.55.251.94/tcp/9000,286684,"{""seq_number"":619,""attnets"":""0000030000000000"",""syncnets"":""00""}","[16,17]","[20,17,16,20]",Lighthouse/v5.1.3-3058b96/x86_64-linux,FLY_MACHINE_ID,FLY_REGION,1716910859014
enr:-MK4QOoK7MupwVtkBFhDyUXFSp6yMpwpF7aVDTXHQGw9EVuuIyrh5Il2UfRiYlVS213GArxeKLIALFSdEkx9-OHqmQGGAY8HftJ9h2F0dG5ldHOIAAAAAAYAAACEZXRoMpBqlaGpBAAAAP__________gmlkgnY0gmlwhMKjqMuJc2VjcDI1NmsxoQOKzJEn6-DKCUSzPLK9b68i9MdcohA7K93IguSbdUXMmIhzeW5jbmV0cwCDdGNwgjLIg3VkcIIu4A,16Uiu2HAmMzoXsM9Hk2LWzhpf7m745cpBrKbkJs58pKgbVaAroVoV,/ip4/194.163.168.203/tcp/13000,286684,"{""seq_number"":32,""attnets"":""0000800100000000"",""syncnets"":""00""}","[23,24]","[23,24,10]",Prysm/v5.0.3/38f208d70dc95b12c08403f5c72009aaa10dfe2f,FLY_MACHINE_ID,FLY_REGION,1716910862810
enr:-Ly4QIYzd2rNhmc6yvcC8rTT3MPgMzzTix3xKbN20Zgf6_CFPbXUnGmQaMtaVVjMiPlj47XJZXlqAsaS0r6yeq7x-8YSh2F0dG5ldHOIAAAAAAAwAACEZXRoMpBqlaGpBAAAAP__________gmlkgnY0gmlwhI1eqyKJc2VjcDI1NmsxoQO0AtSH40-28agKpNo_jXi_MCBY0Y4VtPFisNMv3WizY4hzeW5jbmV0cwSDdGNwgiMog3VkcIIjKA,16Uiu2HAmQmgEq9WhnKycVfuQuqTujYu3toZvZUiMGFfiMnxR54Kc,/ip4/141.94.171.34/tcp/9000,286684,"{""seq_number"":13,""attnets"":""0000000000300000"",""syncnets"":""04""}","[44,45]","[44,45,48]",lodestar/v1.18.1,FLY_MACHINE_ID,FLY_REGION,1716910933378
enr:-Ma4QJJWizx6gQIcDh8Wl4h60R8xgi8KYDQgO_OGManEyr5KZ4VO7XgUxx9tU9k5BsfQhkyejYosND-t4_CSSE0yv22CA0KHYXR0bmV0c4gAAAAAYAAAAIRldGgykGqVoakEAAAA__________-CaWSCdjSCaXCEGBsoWYRxdWljgiMpiXNlY3AyNTZrMaEDyiJX8IL4S_419i_tIz55u3IbTSQ1ob994ZmuT7IFc9uIc3luY25ldHMAg3RjcIIjKIN1ZHCCIyg,16Uiu2HAmSG35YXSJyh14yMQXRFjFnL1huBLkqNtSahV42TZaxVAz,/ip4/24.27.40.89/tcp/9000,286685,"{""seq_number"":791,""attnets"":""0000000060000000"",""syncnets"":""00""}","[37,38]","[38,37,34]",Lighthouse/v5.1.3-3058b96/x86_64-windows,FLY_MACHINE_ID,FLY_REGION,1716911069953
enr:,16Uiu2HAm8gd5iqHUtFdr3n56q2XUeJXXTNkwuSx14w4hB9bKH4mQ,/ip4/82.100.58.107/tcp/13000,286685,"{""seq_number"":48,""attnets"":""0080010000000000"",""syncnets"":""00""}","[15,16]","[38,62,41,30,52,27,13,7,54,18,22,21,39,6,20,46,42,35,55,15,61,48,56,16,33,25,32,47,29,28,44,1,36,14,43,63,58,50,51,40,31,49,12,0,9,53,26,10,17,3,4,45,5,60,24,59,57,23,8,37,19,11,34,2]",Prysm/v5.0.2/b3053dc96ad2b89fc66ce44009178a010cd2258d,FLY_MACHINE_ID,FLY_REGION,1716911090383
enr:-Ma4QFHaryi_8rP5wHFsHYEj15j5I6CELtZW_G-1tZhNcO5yJS9SGkgCK8-PluCGM0k2bbtxxtv5lFxGsphyKHLlByKCBIqHYXR0bmV0c4gAAAAAAADAAIRldGgykGqVoakEAAAA__________-CaWSCdjSCaXCEEKq5aIRxdWljgqQRiXNlY3AyNTZrMaED7-YiqiXbLHAPwkapVL-d7CSyt5KMcruHF5F92biHLYSIc3luY25ldHMIg3RjcIKkEIN1ZHCCpBA,16Uiu2HAmUoTKhtKU7cem2wbf5XgoofUTiBSb6QGnZEBUt9j5FnEF,/ip4/16.170.185.104/tcp/42000,286685,"{""seq_number"":1142,""attnets"":""000000000000c000"",""syncnets"":""08""}","[54,55]","[59,22,13,55,1,14,21,46,34,6,54,50,1,48,13,10,14,8,34,2,46,63,50,62,41,37,14,49,53,26,60]",Lighthouse/v5.1.3-3058b96/x86_64-linux,FLY_MACHINE_ID,FLY_REGION,1716911099048
enr:-Ly4QMGcKdqQox9vMet3slmEEqRlgMm2XYPYVu2tGQdlGSH7eQkriA4_DH_xYZtn3VVZ7sDJVD_cWR9pUnz6odh5FNQPh2F0dG5ldHOIAAAAAAwAAACEZXRoMpBqlaGpBAAAAP__________gmlkgnY0gmlwhNW9ghiJc2VjcDI1NmsxoQOupl3HzKpXu4p9cgIFKgMh8HJy_WnnPfrzSXTNQkb4xIhzeW5jbmV0cwCDdGNwgiMog3VkcIIjKA,16Uiu2HAmQQkRcqnRXsobGZNU9irGMnv5si4oicwUVokSYqG4CqUX,/ip4/213.189.130.24/tcp/9000,286685,"{""seq_number"":13,""attnets"":""000000000c000000"",""syncnets"":""00""}","[34,35]","[43,42,34,12,25,35,15,43,26,41]",nimbus,FLY_MACHINE_ID,FLY_REGION,1716911110166
enr:-MK4QKdHHfqfgM0j0Eif_-EOmKVgqoSAITHUdkrhQgpS-uANEnSpX7F_DjP6yNTGpPwOnPMviYQQZMXM-VP78lwGvNiGAY-p0tiCh2F0dG5ldHOIAAAAAAAAAAyEZXRoMpBqlaGpBAAAAP__________gmlkgnY0gmlwhM3GaYeJc2VjcDI1NmsxoQK2qWDn6siyV8nDlmPQfPKJ_Yv7sv8ya5mk_AZWsRHHkYhzeW5jbmV0cwCDdGNwgjLIg3VkcIIu4A,16Uiu2HAm7ihyokhCRenCBmm6MgfCLWTTUWYsyd8yiXftkSKAiwcL,/ip4/205.198.105.135/tcp/13000,286685,"{""seq_number"":4,""attnets"":""000000000000000c"",""syncnets"":""00""}","[58,59]","[22,32,21,36,5,63,62,9,57,52,11,56,2,40,45,28,50,7,13,35,58,14,20,60,43,0,24,49,18,17,6,31,42,39,59,34,44,48,29,33,46,19,25,37,23,26,15,54,27,4,12,61,47,51,38,3,41,10,55,30,1,8,16,53]",Prysm/v5.0.3/38f208d70dc95b12c08403f5c72009aaa10dfe2f,FLY_MACHINE_ID,FLY_REGION,1716911127893
enr:-Ma4QFhM2BUT69gJPlPh3Mf0WoAxG2fMUYlmUNQGUX3uGJmcNDnyxZYFSIYmR8LAwiOiNPFocStk7wbVFdH7X6qYO3WCcLOHYXR0bmV0c4gAAAAAAAAGAIRldGgykGqVoakEAAAA__________-CaWSCdjSCaXCEIk3uPYRxdWljgiZ9iXNlY3AyNTZrMaEDRpoeA3g_HrFW7VOrHVDUSKaILdnkpSsRXcC8VncEoBSIc3luY25ldHMGg3RjcIImfIN1ZHCCJnw,16Uiu2HAmHQbC4bRTKZ1ERziAgL9hnjPVYJjJgR7SK39tqzMwQ4TD,/ip4/34.77.238.61/tcp/9852,286685,"{""seq_number"":28781,""attnets"":""0000000000000600"",""syncnets"":""06""}","[49,50]","[49,35,50,46,44,30]",Lighthouse/v5.1.3-3058b96/x86_64-linux,FLY_MACHINE_ID,FLY_REGION,1716911128932
enr:-MK4QD5OINJlLYEE5Xy89K3NZQ6E-UGjbQHLV73_SHKoJcmHUg4oJo9lkLdTmsqPpo_JuxMSvZsglEg61IuPAs7dcRSGAY8a8F5-h2F0dG5ldHOIAwAAAAAAAACEZXRoMpBqlaGpBAAAAP__________gmlkgnY0gmlwhEIXyTqJc2VjcDI1NmsxoQLERt8r7bq7M9ws95gBiabtlOlhpD5J8zOkIm7KGtD2GIhzeW5jbmV0cwCDdGNwgjLIg3VkcIIu4A,16Uiu2HAm8drZuNh5G6Y5MmaPuJemuoCaNn5CWbfRF2TRwuuhVTh1,/ip4/66.23.201.58/tcp/13000,286685,"{""seq_number"":29,""attnets"":""0300000000000000"",""syncnets"":""00""}","[0,1]","[26,34,4,17,47,60,51,12,43,27,56,39,7,29,59,28,6,42,19,44,33,21,0,18,55,48,40,41,45,62,38,49,16,52,1,32,10,31,36,15,8,46,30,50,54,63,53,24,5,35,57,11,14,20,25,3,61,23,2,13,37,9,22,58]",Prysm/Unknown/Local build,FLY_MACHINE_ID,FLY_REGION,1716911129676
enr:-Ma4QAmCXQ-YztkXaQV1w8Eco_i2ZJgeKXoY1BO9mWe3ZQWXN7krlyKhe3EYjLoIC_6s4pLnWzx8ApknqzHkhML_zl6CAU-HYXR0bmV0c4gAAAAAAACAAYRldGgykGqVoakEAAAA__________-CaWSCdjSCaXCEDfqV-oRxdWljgiMpiXNlY3AyNTZrMaECAJ2TBFi6fJT3SwSyBXUGCIiscyywIRkUp5opvap26SWIc3luY25ldHMAg3RjcIIjKIN1ZHCCIyg,16Uiu2HAkuU5LeKjNXyrrYWFyFcEHUZzLDSX33rZD2w1shacpZFzt,/ip4/13.250.149.250/tcp/9000,286685,"{""seq_number"":318,""attnets"":""0000000000008001"",""syncnets"":""00""}","[55,56]","[56,55,18,61]",Lighthouse/v5.1.2-5ce1619/aarch64-linux,FLY_MACHINE_ID,FLY_REGION,1716911161370
enr:-Ma4QB2Fkq06Nn_WIfD-Y8rvhGtEhNUW4psTTL_IdMkkSGGtNrzujBA8hKpqaD1ZPqh0jibOu7VzHFYvylBTwQb0IC6CCRmHYXR0bmV0c4gAAAAAAAAGAIRldGgykGqVoakEAAAA__________-CaWSCdjSCaXCEWZXa94RxdWljgiMpiXNlY3AyNTZrMaECrPgXhs-EUzsES9PGKRHs-0U_RiyADIkWzUGyfBfePciIc3luY25ldHMLg3RjcIIjKIN1ZHCCIyg,16Uiu2HAm74sWyy4QnpLaF5PgGtGqnZbNr25WcSZvC8eKmCcxNMH1,/ip4/89.149.218.247/tcp/9000,286685,"{""seq_number"":2333,""attnets"":""0000000000000600"",""syncnets"":""0b""}","[49,50]","[15,4,50,57,24,12,31,18,1,35,20,47,23,10,45,49,9,19]",Lighthouse/v5.1.3-3058b96/x86_64-linux,FLY_MACHINE_ID,FLY_REGION,1716911164340
enr:-Ma4QFLGrLipwoEzEWpwM8IBQHV2gPMUPjCD01jnReG8hmrXa2kisCauyhwLpJ4jumVv3WMe-4-2sXHmU4sou8Z77FiCBWCHYXR0bmV0c4gADAAAAAAAAIRldGgykGqVoakEAAAA__________-CaWSCdjSCaXCEM1tqUIRxdWljgiMpiXNlY3AyNTZrMaEDRDTr-uuuLLKj4d2pfq_8M7wZrhDoKO0UpTGXVJ8aYh-Ic3luY25ldHMPg3RjcIIjKIN1ZHCCIyg,16Uiu2HAmHFEsu8VCyXTMErXYApVLszwYDVhHa2hLpoZ1oMdCTTn6,/ip4/51.91.106.80/tcp/9000,286685,"{""seq_number"":1338,""attnets"":""000c000000000000"",""syncnets"":""0f""}","[10,11]","[11,10,49]",Lighthouse/v5.1.3-3058b96/x86_64-linux,FLY_MACHINE_ID,FLY_REGION,1716911188932
enr:-Ly4QDi1goU0r2hAaVeXuP3OdrGU_beZWwLGxrKwKAMJF14FLfVABuxtZ-oDhiwUOzarfrm5TuOsQpBdkYbi4Cbv_i8Qh2F0dG5ldHOIABgAAAAAAACEZXRoMpBqlaGpBAAAAP__________gmlkgnY0gmlwhDNP5hqJc2VjcDI1NmsxoQLWSxMVYHr76qTANuKKn1AtNKyNva1T7DL0mDDE_TKr9YhzeW5jbmV0cwKDdGNwgiMog3VkcIIjKA,16Uiu2HAm9rBd89PjuhKQJ8HqKmmpjS9M5GY8yY1CmyCBsoEctrrp,/ip4/51.79.230.26/tcp/9000,286685,"{""seq_number"":10,""attnets"":""0018000000000000"",""syncnets"":""02""}","[11,12]","[11,12,9,18,37]",lodestar/v1.18.1,FLY_MACHINE_ID,FLY_REGION,1716911190575
enr:-Ma4QIPlI5Iw6WGqfmTdxrnIH_Do1k3CylqEjjZq8HBzRqXWI-F5mek_Z-G_tAGafJB2pSmYIrKteVaTtHMshK-t7XuCAXOHYXR0bmV0c4gAGAAAAAAAAIRldGgykGqVoakEAAAA__________-CaWSCdjSCaXCENvmt34RxdWljgjLJiXNlY3AyNTZrMaECZETvWaROj3L8tnNmFPXR_AbSYCkXe3L2px_Ky1Xb1dmIc3luY25ldHMHg3RjcIIyyIN1ZHCCLuA,16Uiu2HAm2B5iVaC8bGVhwZ2QHsH2dy8VFzfqCFqptMYTPzTNzVrQ,/ip4/54.249.173.223/tcp/13000,286685,"{""seq_number"":1217,""attnets"":""0018000000000000"",""syncnets"":""07""}","[11,12]","[22,1,61,12,46,51,37,7,2,6,59,11,48,41]",rust-libp2p/0.44.1,FLY_MACHINE_ID,FLY_REGION,1716911191549
enr:-Ma4QIWcnBRB_pL0tpxd4cNPbNOk76WjWs7Lm0uAH4dhG0OLKg6dE7iFC5PyDSDHUIoNtt8r0SOXX9_gTimT9U0RKVSCUaqHYXR0bmV0c4gAAAAAAADAAIRldGgykGqVoakEAAAA__________-CaWSCdjSCaXCEWGVFuIRxdWljgiMpiXNlY3AyNTZrMaEDWnC_nOvj01S_MZ8lVPJzuTw8eVVLp84kuu77ZTWGkMSIc3luY25ldHMAg3RjcIIjKIN1ZHCCIyg,16Uiu2HAmJk2kxj3kJpgNyMGQSAcqcrwmynq5dUZNnusEpu1Hp7cf,/ip4/88.101.69.184/tcp/9000,286685,"{""seq_number"":20770,""attnets"":""000000000000c000"",""syncnets"":""00""}","[54,55]","[55,54,11]",rust-libp2p/0.44.1,FLY_MACHINE_ID,FLY_REGION,1716911218975
enr:-MS4QBw3kcOkLWmlr5o-6lRvdZ976Rvu-gupW4a-vJ3CkomvKKFTOdvTbjcBU6VY-AHRPWRCVFUn9pi2GYGq8HDXduF-h2F0dG5ldHOIAAAAADAAAACEZXRoMpBqlaGpBAAAAP__________gmlkgnY0gmlwhCJDSt2EcXVpY4IjKYlzZWNwMjU2azGhA7BCT0KsecD9UBgLaK1ZFnS29jSUB5x6VVaFwTXLyG0HiHN5bmNuZXRzD4N0Y3CCIyiDdWRwgiMo,16Uiu2HAmQX2kTDkgRhmzi8dupijfm3RpYuhW2KAYgKmZyLibJcXg,/ip4/34.67.74.221/tcp/9000,286685,"{""seq_number"":111,""attnets"":""0000000030000000"",""syncnets"":""0f""}","[36,37]","[43,16,62,32,36,37,49,29,24]",Lighthouse/v5.1.3-3058b96/x86_64-linux,FLY_MACHINE_ID,FLY_REGION,1716911219683
enr:-Ma4QPqXDCRSlFgCKOd9gIhtQV2FgpLF9JWYI6lKwpHQcHN-ahzbPceG9moWQn-WHGfOlHShFZgtNlOD_dZlV1wXVZCCBgqHYXR0bmV0c4gADAAAAAAAAIRldGgykGqVoakEAAAA__________-CaWSCdjSCaXCEIk7xwIRxdWljgiMqiXNlY3AyNTZrMaEDXQCccvQH3APqyKggcTxUs8nxOKI4-Vjg0jnSVnV2oi6Ic3luY25ldHMAg3RjcIIjKYN1ZHCCIyk,16Uiu2HAmJv2om27J1DrUH1eBtaVPXHArG88c6o4NJizBdaseEKyX,/ip4/34.78.241.192/tcp/9001,286685,"{""seq_number"":1255,""attnets"":""000c000000000000"",""syncnets"":""00""}","[10,11]","[11,33,1,10,1]",Lighthouse/v5.1.3/x86_64-linux,FLY_MACHINE_ID,FLY_REGION,1716911339017
enr:-Ma4QJQ8Xljp-edxdXtsrVeoUPmvbZI2r6u5S-dn9FWa3y4oA1ZtrocIEPS9hM0IIO-uSI0yKZNudt57wEryYgtIRUGCDcuHYXR0bmV0c4gAAAAADAAAAIRldGgykGqVoakEAAAA__________-CaWSCdjSCaXCEIq54NIRxdWljgiMqiXNlY3AyNTZrMaEDhaVdxCObXgrATqanwAFfvxxMXKI8YBNOwklI5__ss4iIc3luY25ldHMIg3RjcIIjKYN1ZHCCIyk,16Uiu2HAmMegppEMY5porzxbUZVitE4Gh97atQBekg5yTB1nMzJJ3,/ip4/34.174.120.52/tcp/9001,286685,"{""seq_number"":3246,""attnets"":""000000000c000000"",""syncnets"":""08""}","[34,35]","[35,34,14]",Lighthouse/v5.1.3/x86_64-linux,FLY_MACHINE_ID,FLY_REGION,1716911355041
enr:-Ma4QE--GXS_3Fy9-nBrGHK_8iamHlFbUyuqgivG-gjs1UA3ELa_k1lA5eHcxyA9jaUzM-H1YnRotOKWd-TglFz1r3yCAlmHYXR0bmV0c4gAAAAAAGAAAIRldGgykGqVoakEAAAA__________-CaWSCdjSCaXCEL9g37IRxdWljgiMpiXNlY3AyNTZrMaEDVbzy29ja5sr-d6ZiV6Yw5FuSK8o4Qspo8UVmbvTtjs2Ic3luY25ldHMAg3RjcIIjKIN1ZHCCIyg,16Uiu2HAmJRg7TM5ysJTaDcs9FesSC6WZdFRVobUKYCV79tsqXxnp,/ip4/47.216.55.236/tcp/9000,286685,"{""seq_number"":484,""attnets"":""0000000000600000"",""syncnets"":""00""}","[45,46]","[46,45,6]",Lighthouse/v5.1.3-3058b96/x86_64-linux,FLY_MACHINE_ID,FLY_REGION,1716911380341
enr:,16Uiu2HAmVNnx4RhVq1WBX1D3xGzd1YMpBSdfqKG1nUJRU5qWq4dQ,/ip4/3.250.96.253/tcp/5128,286685,"{""seq_number"":630,""attnets"":""0000000000000003"",""syncnets"":""01""}","[56,57]","[56,19,57]",Lighthouse/v5.1.3-3058b96/aarch64-linux,FLY_MACHINE_ID,FLY_REGION,1716911394235
enr:-Ma4QFn0KkDVHMYItt1gRIW_e6GgXLdYJ_xUgqXCVO7MZy0zeuvdS-pTuLUNX6OcE9LOwfIgSNhPPWzyY2RLI1yOAuiCAQ-HYXR0bmV0c4gBAAAAAAAAgIRldGgykGqVoakEAAAA__________-CaWSCdjSCaXCEohNW5IRxdWljgiMpiXNlY3AyNTZrMaECt2zLcpiZKN8OUnCkFCG5s5CSwkZ2yOLh0swgxR5JENuIc3luY25ldHMFg3RjcIIjKIN1ZHCCIyg,16Uiu2HAm7mgomypi9rZkcLDL314uNtEvV61hcTyFCrtPven2Mq5c,/ip4/162.19.86.228/tcp/9000,286685,"{""seq_number"":242,""attnets"":""0100000000000080"",""syncnets"":""05""}","[0,63]","[4,0,63,62,31,61,40,37,4,31,61,62]",Lighthouse/v5.1.3-3058b96/x86_64-linux,FLY_MACHINE_ID,FLY_REGION,1716911399022
enr:-Ma4QKZemKzaBfK9LQCmZAQeCbFcQo8PsAGmlLc9fodFHAleK6Qgj1BAbiygzwLegdXmvZ05VP69yKPiyVqF1WlCpB6CAU-HYXR0bmV0c4gAAAAAwAAAAIRldGgykGqVoakEAAAA__________-CaWSCdjSCaXCEsr-hzIRxdWljgiORiXNlY3AyNTZrMaEC5sffGIzw8iGkvMpyhpBALNP5COoNLCvItdSGblaQtUSIc3luY25ldHMAg3RjcIIjkIN1ZHCCI5A,16Uiu2HAmAxYWzDk5fKm6ExxGLd78qs8LvVcQ2u7WAPW8mnFEmjS3,/ip4/178.191.161.204/tcp/9104,286685,"{""seq_number"":259,""attnets"":""00000000c0000000"",""syncnets"":""00""}","[38,39]","[39,51,38]",Lighthouse/v5.1.0-10a38a8/x86_64-linux,FLY_MACHINE_ID,FLY_REGION,1716911399010
enr:,16Uiu2HAmVNnx4RhVq1WBX1D3xGzd1YMpBSdfqKG1nUJRU5qWq4dQ,/ip4/3.250.96.253/tcp/6223,286685,"{""seq_number"":630,""attnets"":""0000000000000003"",""syncnets"":""01""}","[56,57]","[56,19,57]",Lighthouse/v5.1.3-3058b96/aarch64-linux,FLY_MACHINE_ID,FLY_REGION,1716911400236
enr:,16Uiu2HAmHovVHvgtqrkaT7cBFHvkw81iq2GWbXNM6DX2pA4hEJXM,/ip4/52.86.206.157/tcp/26323,286685,"{""seq_number"":19,""attnets"":""0000000000003000"",""syncnets"":""00""}","[52,53]","[18,46,1,47,32,52,38,43,13,30,15,2,40,25,34,45,57,59,6,26,7,33,3,61,22,4,19,23,42,9,53,17,10,28,36,56,12,49,55,44,14,5,11,58,63,16,27,50,21,35,8,20,29,48,37,39,62,0,41,31,54,51,24,60]",Prysm/v5.0.3/38f208d70dc95b12c08403f5c72009aaa10dfe2f,FLY_MACHINE_ID,FLY_REGION,1716911421757
enr:-Ma4QFdfZKmJjF_xXNGR1Rdclt7p2BxiLDNtwHmwuREPDbHEWqe7AagHHCytJ7t4ABTA1td4jNtRrtzPY48yFbpFF9SCAcaHYXR0bmV0c4gAAAAAAAAABoRldGgykGqVoakEAAAA__________-CaWSCdjSCaXCEDeSH24RxdWljgqvhiXNlY3AyNTZrMaECQ0Ie32OWokFYdqDBhPRxfjqKfV7XeJ70_rAML91MwWKIc3luY25ldHMPg3RjcIKr4IN1ZHCCq-A,16Uiu2HAkyxDmo6rrikL7WiMenrmeKvBwCL7tL1MzCJwkgsy2YZNy,/ip4/13.228.135.219/tcp/44000,286685,"{""seq_number"":439,""attnets"":""0000000030000000"",""syncnets"":""07""}","[36,37]","[39,22,56,30,37,60,45,36,49,33,38,49,28,33,24,45,18,30,35,39]",Lighthouse/v5.1.3-3058b96/x86_64-linux,FLY_MACHINE_ID,FLY_REGION,1716911423167
enr:,16Uiu2HAmNu5cFb93MgMemRzsQum9uj6X2sSMGWDqQv76iDcTCC32,/ip4/67.174.178.192/tcp/40072,286685,"{""seq_number"":488,""attnets"":""0000000018000000"",""syncnets"":""00""}","[35,36]","[35,58,36]",Lighthouse/v5.1.3-3058b96+/x86_64-linux,FLY_MACHINE_ID,FLY_REGION,1716911424742
enr:,16Uiu2HAm94j3z5AxKTMuPWo2GgBaoveNciKYnMMhGserbSrU62U6,/ip4/79.134.102.222/tcp/23849,286685,"{""seq_number"":1131,""attnets"":""000000c000000000"",""syncnets"":""00""}","[30,31]","[31,43,30]",Lighthouse/v5.1.3-3058b96/x86_64-linux,FLY_MACHINE_ID,FLY_REGION,1716911435160
enr:-Ma4QLPrRf_6ZC-jJTBKcDm4ccWYciny7CL2S8TG0fDJXXDeEzX1emUfeBJvfoWsI05X7KVqka94kM05HH_AxZvK0PqCeU2HYXR0bmV0c4gAAwAAAAAAAIRldGgykGqVoakEAAAA__________-CaWSCdjSCaXCE2lLBFoRxdWljgiMpiXNlY3AyNTZrMaEC_d52izWmuhXWsk8gg0k9o8jwqNkVqxhNH0dNuIHkZtCIc3luY25ldHMAg3RjcIIjKIN1ZHCCIyg,16Uiu2HAmCWfshjY5sMdt4yy3GRfNFcSaad4QPd2SVd679uPj8uEP,/ip4/218.82.193.22/tcp/9000,286686,"{""seq_number"":30971,""attnets"":""0003000000000000"",""syncnets"":""00""}","[8,9]","[9,48,8]",Lighthouse/v5.1.3-3058b96/x86_64-linux,FLY_MACHINE_ID,FLY_REGION,1716911457088
enr:-Ma4QJJWizx6gQIcDh8Wl4h60R8xgi8KYDQgO_OGManEyr5KZ4VO7XgUxx9tU9k5BsfQhkyejYosND-t4_CSSE0yv22CA0KHYXR0bmV0c4gAAAAAYAAAAIRldGgykGqVoakEAAAA__________-CaWSCdjSCaXCEGBsoWYRxdWljgiMpiXNlY3AyNTZrMaEDyiJX8IL4S_419i_tIz55u3IbTSQ1ob994ZmuT7IFc9uIc3luY25ldHMAg3RjcIIjKIN1ZHCCIyg,16Uiu2HAmSG35YXSJyh14yMQXRFjFnL1huBLkqNtSahV42TZaxVAz,/ip4/24.27.40.89/tcp/9000,286686,"{""seq_number"":791,""attnets"":""0000000060000000"",""syncnets"":""00""}","[37,38]","[38,37,36,58]",Lighthouse/v5.1.3-3058b96/x86_64-windows,FLY_MACHINE_ID,FLY_REGION,1716911459987
enr:-MK4QF59Pts7v4WUo2IDOLoFSOcFZ5CPPk4v0nbQu7HoC_PTarKf_6B31sSDGeWjygkV1fW5ZFVbhVV8YMbxdp_xkvKGAY-77qy_h2F0dG5ldHOIAAAAAAAAAMCEZXRoMpBqlaGpBAAAAP__________gmlkgnY0gmlwhHeDDvOJc2VjcDI1NmsxoQI_81RUNFMAhE9JViLCzWFYL6-VX8MJ3qhENP2B-X9Zt4hzeW5jbmV0cwCDdGNwgjLIg3VkcIIu4A,16Uiu2HAkyjJsDurmdzaQ4T12UMktLfetd8sSFnYV9muCbYNwURpz,/ip4/119.131.14.243/tcp/13000,286686,"{""seq_number"":2,""attnets"":""00000000000000c0"",""syncnets"":""00""}","[62,63]","[63,0,62,33]",Prysm/v5.0.3/38f208d70dc95b12c08403f5c72009aaa10dfe2f,FLY_MACHINE_ID,FLY_REGION,1716911461576
enr:,16Uiu2HAm7bpjDFqWD9PW643PKwesDf61nUYv8J3ieScH6CgxH1hj,/ip4/3.92.253.248/tcp/51416,286686,"{""seq_number"":68,""attnets"":""0000300000000000"",""syncnets"":""00""}","[20,21]","[20,39,21,9]",Prysm/v5.0.1/a1a81d1720a0a3b850992d4825d0a023baa8e65a,FLY_MACHINE_ID,FLY_REGION,1716911478638
enr:,16Uiu2HAm6ZSChDB7Tz7PUm38EbbkHDVzWaAs7qt5b1w4qL922m71,/ip4/174.54.171.193/tcp/13103,286686,"{""seq_number"":27,""attnets"":""0003000000000000"",""syncnets"":""00""}","[8,9]","[9,8,15]",Prysm/v5.0.0/b7b017f5b607f04d4e9056a1ec8a6851a9c7da29,FLY_MACHINE_ID,FLY_REGION,1716911488514
enr:-Ma4QFHaryi_8rP5wHFsHYEj15j5I6CELtZW_G-1tZhNcO5yJS9SGkgCK8-PluCGM0k2bbtxxtv5lFxGsphyKHLlByKCBIqHYXR0bmV0c4gAAAAAAADAAIRldGgykGqVoakEAAAA__________-CaWSCdjSCaXCEEKq5aIRxdWljgqQRiXNlY3AyNTZrMaED7-YiqiXbLHAPwkapVL-d7CSyt5KMcruHF5F92biHLYSIc3luY25ldHMIg3RjcIKkEIN1ZHCCpBA,16Uiu2HAmUoTKhtKU7cem2wbf5XgoofUTiBSb6QGnZEBUt9j5FnEF,/ip4/16.170.185.104/tcp/42000,286686,"{""seq_number"":1142,""attnets"":""000000000000c000"",""syncnets"":""08""}","[54,55]","[45,4,27,18,55,49,24,10,32,54,12,50]",Lighthouse/v5.1.3-3058b96/x86_64-linux,FLY_MACHINE_ID,FLY_REGION,1716911489054
enr:,16Uiu2HAmBfGK4NzN4BdvqsPX82TjFSCfKidqsyjEJCjXEXpA7ot7,/ip4/74.213.81.71/tcp/7985,286686,"{""seq_number"":5588,""attnets"":""0000060000000000"",""syncnets"":""00""}","[17,18]","[17,18,15]",Lighthouse/v5.1.3-3058b96/x86_64-linux,FLY_MACHINE_ID,FLY_REGION,1716911489436
enr:,16Uiu2HAm1Ey6QRfuWK3o4KMX573qHYZep3tqTv2gmmoNfTaPfSD8,/ip4/130.132.173.20/tcp/14221,286686,"{""seq_number"":1,""attnets"":""0000000000000300"",""syncnets"":""00""}","[48,49]","[35,62,8,32,22,20,53,41,27,23,40,59,38,60,7,58,0,17,16,4,45,37,13,56,14,10,15,46,3,49,54,48,6,25,57,12,43,44,21,9,42,47,5,2,52,39,26,30,63,18,31,29,1,55,51,34,24,19,36,50,61,33,11,28]",Prysm/Unknown/Local build,FLY_MACHINE_ID,FLY_REGION,1716911502665
enr:-Ma4QDTYq4aFqcqq42IhMIECWQhuSh_5WVuBlzs3ZIb5foinYgvczk8W4tsyUaJnwDHi7nOZ2zqKrh3qLRuKISNu60uCzpOHYXR0bmV0c4gAAAAAAAAAGIRldGgykGqVoakEAAAA__________-CaWSCdjSCaXCEp-skfIRxdWljgiMpiXNlY3AyNTZrMaEC3wipjhT56ugZT8U73B-L5U-YdC1QC04BuD2zlB2Q2A2Ic3luY25ldHMAg3RjcIIjKIN1ZHCCIyg,16Uiu2HAmASJZJ3AS8becDGPLke1ZPYfegxKLLVQo2opN8m7nSWcL,/ip4/167.235.36.124/tcp/9000,286686,"{""seq_number"":38844,""attnets"":""0000000000000018"",""syncnets"":""00""}","[59,60]","[60,59,58]",Lighthouse/v5.1.0-10a38a8/x86_64-linux,FLY_MACHINE_ID,FLY_REGION,1716911519013
enr:-Ma4QFhM2BUT69gJPlPh3Mf0WoAxG2fMUYlmUNQGUX3uGJmcNDnyxZYFSIYmR8LAwiOiNPFocStk7wbVFdH7X6qYO3WCcLOHYXR0bmV0c4gAAAAAAAAGAIRldGgykGqVoakEAAAA__________-CaWSCdjSCaXCEIk3uPYRxdWljgiZ9iXNlY3AyNTZrMaEDRpoeA3g_HrFW7VOrHVDUSKaILdnkpSsRXcC8VncEoBSIc3luY25ldHMGg3RjcIImfIN1ZHCCJnw,16Uiu2HAmHQbC4bRTKZ1ERziAgL9hnjPVYJjJgR7SK39tqzMwQ4TD,/ip4/34.77.238.61/tcp/9852,286686,"{""seq_number"":28781,""attnets"":""0000000000000600"",""syncnets"":""06""}","[49,50]","[34,43,49,8,50,4,56,5,40,2,24,43,26,4,2]",Lighthouse/v5.1.3-3058b96/x86_64-linux,FLY_MACHINE_ID,FLY_REGION,1716911519022
enr:-Ma4QGxS19_anSaHesm7hDWv2fMBkPajwVw64Y9SMtJGKA9UI6TW2byDlm1IyXOtKnQzomEJfF2hWFrY_mGtPC-XpXGCA32HYXR0bmV0c4gAAAAAAIABAIRldGgykGqVoakEAAAA__________-CaWSCdjSCaXCEA3gby4RxdWljgh9BiXNlY3AyNTZrMaECO6XrEO5kb9C_1g8MfIyb1z4zzbraEWtsCN825SoyuAmIc3luY25ldHMCg3RjcIIjKYN1ZHCCIyk,16Uiu2HAkySWmnvqcpyxCNKwjn1P6VDSvBgKzhBWAkAqsMRzDqxo2,/ip4/3.120.27.203/tcp/9001,286686,"{""seq_number"":822,""attnets"":""0000000000800100"",""syncnets"":""02""}","[47,48]","[41,47,25,14,48,30,41]",Lighthouse/v5.1.3-3058b96/aarch64-linux,FLY_MACHINE_ID,FLY_REGION,1716911519018
enr:-MK4QD5OINJlLYEE5Xy89K3NZQ6E-UGjbQHLV73_SHKoJcmHUg4oJo9lkLdTmsqPpo_JuxMSvZsglEg61IuPAs7dcRSGAY8a8F5-h2F0dG5ldHOIAwAAAAAAAACEZXRoMpBqlaGpBAAAAP__________gmlkgnY0gmlwhEIXyTqJc2VjcDI1NmsxoQLERt8r7bq7M9ws95gBiabtlOlhpD5J8zOkIm7KGtD2GIhzeW5jbmV0cwCDdGNwgjLIg3VkcIIu4A,16Uiu2HAm8drZuNh5G6Y5MmaPuJemuoCaNn5CWbfRF2TRwuuhVTh1,/ip4/66.23.201.58/tcp/13000,286686,"{""seq_number"":29,""attnets"":""0300000000000000"",""syncnets"":""00""}","[0,1]","[19,26,9,23,20,55,30,47,14,22,41,15,18,31,52,27,40,53,7,12,2,8,57,11,4,32,25,61,59,16,48,1,5,10,13,50,42,46,33,17,39,3,35,29,58,56,51,44,45,62,0,36,28,6,43,60,54,24,34,21,49,37,38,63]",Prysm/Unknown/Local build,FLY_MACHINE_ID,FLY_REGION,1716911519669
enr:-Ly4QMGcKdqQox9vMet3slmEEqRlgMm2XYPYVu2tGQdlGSH7eQkriA4_DH_xYZtn3VVZ7sDJVD_cWR9pUnz6odh5FNQPh2F0dG5ldHOIAAAAAAwAAACEZXRoMpBqlaGpBAAAAP__________gmlkgnY0gmlwhNW9ghiJc2VjcDI1NmsxoQOupl3HzKpXu4p9cgIFKgMh8HJy_WnnPfrzSXTNQkb4xIhzeW5jbmV0cwCDdGNwgiMog3VkcIIjKA,16Uiu2HAmQQkRcqnRXsobGZNU9irGMnv5si4oicwUVokSYqG4CqUX,/ip4/213.189.130.24/tcp/9000,286686,"{""seq_number"":13,""attnets"":""000000000c000000"",""syncnets"":""00""}","[34,35]","[16,52,34,39,35]",nimbus,FLY_MACHINE_ID,FLY_REGION,1716911520854
enr:,16Uiu2HAmKHrZKjK8sPSVbJR68WVkCLVSkNpDx2tPeRx5aA1snvC7,/ip4/47.74.18.240/tcp/11629,286686,"{""seq_number"":41,""attnets"":""000000000c000000"",""syncnets"":""00""}","[34,35]","[35,48,34]",Prysm/v5.0.3/38f208d70dc95b12c08403f5c72009aaa10dfe2f,FLY_MACHINE_ID,FLY_REGION,1716911538261
enr:-Ma4QD7QQqGDp-jVv9lVQeu__SJmiyGjjYU-Vr6LZEnuggDFWj6Z-f4QHkURaa9inxCJ1jGqq3bbNXxVKrQrhUD4qIuCAdOHYXR0bmV0c4gAAAAAAAAAA4RldGgykGqVoakEAAAA__________-CaWSCdjSCaXCE2pnIRIRxdWljgiMpiXNlY3AyNTZrMaECbjclp--85RRdLZrQOrKgv86IFgjHfCav0BMLt35NqDiIc3luY25ldHMAg3RjcIIjKIN1ZHCCIyg,16Uiu2HAm2qubhhyZSR5ndsfWfWjM5isAVHxYijPNFdwVfq9KJ2FZ,/ip4/218.153.200.68/tcp/9000,286686,"{""seq_number"":424,""attnets"":""0000000000000003"",""syncnets"":""00""}","[56,57]","[57,56,60]",Lighthouse/v5.1.3-3058b96/x86_64-linux,FLY_MACHINE_ID,FLY_REGION,1716911551027
enr:-Ma4QAmCXQ-YztkXaQV1w8Eco_i2ZJgeKXoY1BO9mWe3ZQWXN7krlyKhe3EYjLoIC_6s4pLnWzx8ApknqzHkhML_zl6CAU-HYXR0bmV0c4gAAAAAAACAAYRldGgykGqVoakEAAAA__________-CaWSCdjSCaXCEDfqV-oRxdWljgiMpiXNlY3AyNTZrMaECAJ2TBFi6fJT3SwSyBXUGCIiscyywIRkUp5opvap26SWIc3luY25ldHMAg3RjcIIjKIN1ZHCCIyg,16Uiu2HAkuU5LeKjNXyrrYWFyFcEHUZzLDSX33rZD2w1shacpZFzt,/ip4/13.250.149.250/tcp/9000,286686,"{""seq_number"":318,""attnets"":""0000000000008001"",""syncnets"":""00""}","[55,56]","[56,19,55]",Lighthouse/v5.1.2-5ce1619/aarch64-linux,FLY_MACHINE_ID,FLY_REGION,1716911551372
enr:-Ma4QFLGrLipwoEzEWpwM8IBQHV2gPMUPjCD01jnReG8hmrXa2kisCauyhwLpJ4jumVv3WMe-4-2sXHmU4sou8Z77FiCBWCHYXR0bmV0c4gADAAAAAAAAIRldGgykGqVoakEAAAA__________-CaWSCdjSCaXCEM1tqUIRxdWljgiMpiXNlY3AyNTZrMaEDRDTr-uuuLLKj4d2pfq_8M7wZrhDoKO0UpTGXVJ8aYh-Ic3luY25ldHMPg3RjcIIjKIN1ZHCCIyg,16Uiu2HAmHFEsu8VCyXTMErXYApVLszwYDVhHa2hLpoZ1oMdCTTn6,/ip4/51.91.106.80/tcp/9000,286686,"{""seq_number"":1338,""attnets"":""000c000000000000"",""syncnets"":""0f""}","[10,11]","[32,11,10,54,54,32]",Lighthouse/v5.1.3-3058b96/x86_64-linux,FLY_MACHINE_ID,FLY_REGION,1716911579017
enr:-Ly4QDi1goU0r2hAaVeXuP3OdrGU_beZWwLGxrKwKAMJF14FLfVABuxtZ-oDhiwUOzarfrm5TuOsQpBdkYbi4Cbv_i8Qh2F0dG5ldHOIABgAAAAAAACEZXRoMpBqlaGpBAAAAP__________gmlkgnY0gmlwhDNP5hqJc2VjcDI1NmsxoQLWSxMVYHr76qTANuKKn1AtNKyNva1T7DL0mDDE_TKr9YhzeW5jbmV0cwKDdGNwgiMog3VkcIIjKA,16Uiu2HAm9rBd89PjuhKQJ8HqKmmpjS9M5GY8yY1CmyCBsoEctrrp,/ip4/51.79.230.26/tcp/9000,286686,"{""seq_number"":10,""attnets"":""0018000000000000"",""syncnets"":""02""}","[11,12]","[11,12,17,47]",lodestar/v1.18.1,FLY_MACHINE_ID,FLY_REGION,1716911580565
enr:-Ma4QIPlI5Iw6WGqfmTdxrnIH_Do1k3CylqEjjZq8HBzRqXWI-F5mek_Z-G_tAGafJB2pSmYIrKteVaTtHMshK-t7XuCAXOHYXR0bmV0c4gAGAAAAAAAAIRldGgykGqVoakEAAAA__________-CaWSCdjSCaXCENvmt34RxdWljgjLJiXNlY3AyNTZrMaECZETvWaROj3L8tnNmFPXR_AbSYCkXe3L2px_Ky1Xb1dmIc3luY25ldHMHg3RjcIIyyIN1ZHCCLuA,16Uiu2HAm2B5iVaC8bGVhwZ2QHsH2dy8VFzfqCFqptMYTPzTNzVrQ,/ip4/54.249.173.223/tcp/13000,286686,"{""seq_number"":1217,""attnets"":""0018000000000000"",""syncnets"":""07""}","[11,12]","[33,24,12,4,13,43,36,25,11,44,54,15,48,27]",rust-libp2p/0.44.1,FLY_MACHINE_ID,FLY_REGION,1716911581142
enr:-Ma4QGbEpLp5kiLKX1xBcW_ngT1PaYlBy8gJNC4FoolVSIdsS79HV-ALnJBZKSqXSRXs9-LDftAodrDAA7JQcT-u2iiChKeHYXR0bmV0c4gAGAAAAAAAAIRldGgykGqVoakEAAAA__________-CaWSCdjSCaXCEIk56goRxdWljgiZ9iXNlY3AyNTZrMaECjYYKckdsy9CrPwijxdpU5RI6zIxZ5TYi-5FZrq5SehaIc3luY25ldHMAg3RjcIImfIN1ZHCCJnw,16Uiu2HAm4x81do1vHw7fYgZ7mG9oWb4hUvS8TipqFhPMYHas5SfP,/ip4/34.78.122.130/tcp/9852,286686,"{""seq_number"":33910,""attnets"":""0018000000000000"",""syncnets"":""00""}","[11,12]","[11,12,61,53,4,48]",Lighthouse/v5.1.3-3058b96/x86_64-linux,FLY_MACHINE_ID,FLY_REGION,1716911608942
enr:-MS4QBw3kcOkLWmlr5o-6lRvdZ976Rvu-gupW4a-vJ3CkomvKKFTOdvTbjcBU6VY-AHRPWRCVFUn9pi2GYGq8HDXduF-h2F0dG5ldHOIAAAAADAAAACEZXRoMpBqlaGpBAAAAP__________gmlkgnY0gmlwhCJDSt2EcXVpY4IjKYlzZWNwMjU2azGhA7BCT0KsecD9UBgLaK1ZFnS29jSUB5x6VVaFwTXLyG0HiHN5bmNuZXRzD4N0Y3CCIyiDdWRwgiMo,16Uiu2HAmQX2kTDkgRhmzi8dupijfm3RpYuhW2KAYgKmZyLibJcXg,/ip4/34.67.74.221/tcp/9000,286686,"{""seq_number"":111,""attnets"":""0000000030000000"",""syncnets"":""0f""}","[36,37]","[20,63,36,5,15,37,53,10,48,25,9,18,24,42]",Lighthouse/v5.1.3-3058b96/x86_64-linux,FLY_MACHINE_ID,FLY_REGION,1716911609687
enr:,16Uiu2HAkvBFFXpK8vzCZWs35GV2ej34ZVAcdBhSFmvmbf4xgfMUN,/ip4/80.249.121.9/tcp/13000,286686,"{""seq_number"":31,""attnets"":""0000060000000000"",""syncnets"":""00""}","[17,18]","[2,59,10,15,41,17,48,42,49,32,12,29,13,33,56,52,37,54,6,11,0,21,47,62,30,45,38,28,7,63,58,36,51,24,25,18,40,53,57,1,39,20,50,60,61,44,22,27,4,55,5,16,31,26,3,14,8,43,19,34,35,23,46,9]",Prysm/v5.0.3/38f208d70dc95b12c08403f5c72009aaa10dfe2f,FLY_MACHINE_ID,FLY_REGION,1716911617656
enr:,16Uiu2HAm7oxorw84FewK1RvrQXHdDgYEDSTQVvqvJHCfmRU1pv14,/ip4/211.219.19.83/tcp/43872,286686,"{""seq_number"":87,""attnets"":""0000060000000000"",""syncnets"":""00""}","[17,18]","[29,6,22,17,18]",Lighthouse/v5.1.3-3058b96/x86_64-linux,FLY_MACHINE_ID,FLY_REGION,1716911636507
enr:-Ma4QKNdpRqdqa6zUej9AuUZ1bEAEsZXUHhL8W0ew49hdzfHKhiejJzp5CvK4qfuW1B8s3VnWX7y0mbCffSh_CiyjD-CAQCHYXR0bmV0c4gAAAAwAAAAAIRldGgykGqVoakEAAAA__________-CaWSCdjSCaXCE1Q6SB4RxdWljgkZSiXNlY3AyNTZrMaEDUWrc_eeMgQKlt6lY5yreD7pPccqqj0LMokLIp-KzZNWIc3luY25ldHMPg3RjcIJGUIN1ZHCCRlA,16Uiu2HAmJ8otFsDVB5xcNM2N6crzJUCDaAY1GpRv2uNs6VSx1fXa,/ip4/213.14.146.7/tcp/18000,286686,"{""seq_number"":231,""attnets"":""0000003000000000"",""syncnets"":""0f""}","[28,29]","[28,5,29]",Lighthouse/v5.1.3-3058b96/x86_64-linux,FLY_MACHINE_ID,FLY_REGION,1716911639292
enr:,16Uiu2HAm7oxorw84FewK1RvrQXHdDgYEDSTQVvqvJHCfmRU1pv14,/ip4/211.219.19.83/tcp/36130,286686,"{""seq_number"":87,""attnets"":""0000060000000000"",""syncnets"":""00""}","[17,18]","[29,6,37,22,17,18]",Lighthouse/v5.1.3-3058b96/x86_64-linux,FLY_MACHINE_ID,FLY_REGION,1716911641327
enr:,16Uiu2HAmHovVHvgtqrkaT7cBFHvkw81iq2GWbXNM6DX2pA4hEJXM,/ip4/52.86.206.157/tcp/19030,286686,"{""seq_number"":19,""attnets"":""0000000000003000"",""syncnets"":""00""}","[52,53]","[9,10,44,36,14,5,6,29,59,13,47,35,24,12,3,39,37,30,42,2,4,31,49,58,0,20,16,8,18,38,21,34,25,26,22,53,28,7,51,55,62,41,1,17,32,56,52,54,48,27,50,23,61,60,63,15,19,40,57,43,45,46,11,33]",Prysm/v5.0.3/38f208d70dc95b12c08403f5c72009aaa10dfe2f,FLY_MACHINE_ID,FLY_REGION,1716911669284
enr:,16Uiu2HAmEaWaXKZwsrm7Ku7G5WXosnbuf3mWQX94LUsfQ3qM9TJt,/ip4/169.150.206.206/tcp/58216,286686,"{""seq_number"":394,""attnets"":""0000000000000030"",""syncnets"":""00""}","[60,61]","[61,60,30]",Lighthouse/v5.1.3-3058b96/x86_64-linux,FLY_MACHINE_ID,FLY_REGION,1716911694138
enr:-Ma4QFuNrAzjrWCqybYoxXDnK4WF3K56W5EQ-hCEiYoCpYe4TuBpJrbwW11FIVxXCbHYAbvVOh6PdDvq_QlX1NMhMqCCAQqHYXR0bmV0c4gAAAAAAAAABoRldGgykGqVoakEAAAA__________-CaWSCdjSCaXCEQW1Pu4RxdWljgiMpiXNlY3AyNTZrMaED54rYp484IYAWay3sQx49vB6CgeMBN0uWVqjS85aX-PaIc3luY25ldHMAg3RjcIIjKIN1ZHCCIyg,16Uiu2HAmUEqKpBpwvYSGkTQgJ28iynHibyhbR7nL4xc3N66RamAu,/ip4/65.109.79.187/tcp/9000,286686,"{""seq_number"":220,""attnets"":""0000000000000006"",""syncnets"":""00""}","[57,58]","[57,58,55,55]",Lighthouse/v5.1.1-2a3c709/x86_64-linux,FLY_MACHINE_ID,FLY_REGION,1716911699002
enr:-MK4QEv5GVoXUWowFyUL9CGEucSvwdmQEKnIZAPrQIzcjCheafHpynfCocoCl45rfoIW5c5c-5-OyDHtrHItDbhfNTeGAY-ekKNnh2F0dG5ldHOIAAAAAAAADACEZXRoMpBqlaGpBAAAAP__________gmlkgnY0gmlwhDQOJ7CJc2VjcDI1NmsxoQLNWcMYmS_KkJnFXT0kYQ4-wQcRzfd5lK_ap4ECK-aqrIhzeW5jbmV0cwCDdGNwgjLIg3VkcIIu4A,16Uiu2HAm9FGwiBatxXkcXh2kU4CBVZM9TiiA5VbRXDMeeeCJZqnB,/ip4/52.14.39.176/tcp/13000,286686,"{""seq_number"":7,""attnets"":""0000000000000c00"",""syncnets"":""00""}","[50,51]","[7,50,51]",Prysm/v5.0.3/38f208d70dc95b12c08403f5c72009aaa10dfe2f,FLY_MACHINE_ID,FLY_REGION,1716911735381
enr:,16Uiu2HAkv8F2eafPph29VeJgAKZ4jSF21dcViTrttgrmVLMtGLVS,/ip4/108.1.145.181/tcp/60282,286686,"{""seq_number"":2090,""attnets"":""0000000000600000"",""syncnets"":""00""}","[45,46]","[45,46,8]",Lighthouse/v5.1.3-3058b96/x86_64-linux,FLY_MACHINE_ID,FLY_REGION,1716911742518
enr:,16Uiu2HAmDmMLnXfxSGv3fyaUaeLWCpraXnKyvtQNCV8UKcZDmrhC,/ip4/57.128.75.102/tcp/52974,286686,"{""seq_number"":14194,""attnets"":""00000000c0000000"",""syncnets"":""00""}","[38,39]","[38,39,20,40]",Lighthouse/v5.1.1-2a3c709/x86_64-linux,FLY_MACHINE_ID,FLY_REGION,1716911772143
enr:-Ma4QFmwcY6YWoNqyr16r2u_v_esYmvmCtsqNnQckU7R3BFOQU-WAxYMpM0XD5zrT_5FMgLWRbMQH90GH2lPMJmJ_h-CAreHYXR0bmV0c4gAAABgAAAAAIRldGgykGqVoakEAAAA__________-CaWSCdjSCaXCEeYbR0YRxdWljgiMpiXNlY3AyNTZrMaEDlBRAbwAEph-xk1Xc7N8WmXKedJitclCZ0VQMIlTKea6Ic3luY25ldHMAg3RjcIIjKIN1ZHCCIyg,16Uiu2HAmNd2bnfQ8xTycAHXXPukL6wLyoJmRnGXRBqJqCrHUA7P3,/ip4/121.134.209.209/tcp/9000,286686,"{""seq_number"":676,""attnets"":""0000006000000000"",""syncnets"":""00""}","[29,30]","[29,9,30,60,9]",Lighthouse/v5.1.3-3058b96/x86_64-linux,FLY_MACHINE_ID,FLY_REGION,1716911783158
enr:-Ma4QFn0KkDVHMYItt1gRIW_e6GgXLdYJ_xUgqXCVO7MZy0zeuvdS-pTuLUNX6OcE9LOwfIgSNhPPWzyY2RLI1yOAuiCAQ-HYXR0bmV0c4gBAAAAAAAAgIRldGgykGqVoakEAAAA__________-CaWSCdjSCaXCEohNW5IRxdWljgiMpiXNlY3AyNTZrMaECt2zLcpiZKN8OUnCkFCG5s5CSwkZ2yOLh0swgxR5JENuIc3luY25ldHMFg3RjcIIjKIN1ZHCCIyg,16Uiu2HAm7mgomypi9rZkcLDL314uNtEvV61hcTyFCrtPven2Mq5c,/ip4/162.19.86.228/tcp/9000,286686,"{""seq_number"":242,""attnets"":""0100000000000080"",""syncnets"":""05""}","[0,63]","[1,41,60,0,63,22,12]",Lighthouse/v5.1.3-3058b96/x86_64-linux,FLY_MACHINE_ID,FLY_REGION,1716911788933
enr:-Ma4QHF7aW1QQJ1zSpt9chlMZoenkLsvsRRw6tOzvbcBwAGCHVO6DZ33pmRhHALK72AvrMqtnFsxEZF963-6DfUwBDyCAT6HYXR0bmV0c4gAAAAAwAAAAIRldGgykGqVoakEAAAA__________-CaWSCdjSCaXCE1XExn4RxdWljgiORiXNlY3AyNTZrMaEDrOd9jJ5pluexi33X1YSpMelSrNT7EHCNlQDO-ODAEPaIc3luY25ldHMAg3RjcIIjkIN1ZHCCI5A,16Uiu2HAmQHwCu4zCaF5p5H8b546nwJr33tfrueVFyYTzDcaShAC5,/ip4/213.113.49.159/tcp/9104,286686,"{""seq_number"":251,""attnets"":""00000000c0000000"",""syncnets"":""00""}","[38,39]","[17,38,39]",Lighthouse/v5.1.3-3058b96/x86_64-linux,FLY_MACHINE_ID,FLY_REGION,1716911819197
enr:-Ma4QFdfZKmJjF_xXNGR1Rdclt7p2BxiLDNtwHmwuREPDbHEWqe7AagHHCytJ7t4ABTA1td4jNtRrtzPY48yFbpFF9SCAcaHYXR0bmV0c4gAAAAAAAAABoRldGgykGqVoakEAAAA__________-CaWSCdjSCaXCEDeSH24RxdWljgqvhiXNlY3AyNTZrMaECQ0Ie32OWokFYdqDBhPRxfjqKfV7XeJ70_rAML91MwWKIc3luY25ldHMPg3RjcIKr4IN1ZHCCq-A,16Uiu2HAkyxDmo6rrikL7WiMenrmeKvBwCL7tL1MzCJwkgsy2YZNy,/ip4/13.228.135.219/tcp/44000,286686,"{""seq_number"":439,""attnets"":""0000000030000000"",""syncnets"":""07""}","[36,37]","[35,14,56,37,26,17,58,0,8,45,36,53,33,57]",Lighthouse/v5.1.3-3058b96/x86_64-linux,FLY_MACHINE_ID,FLY_REGION,1716911821396
enr:,16Uiu2HAm1d4GXM6YdUpATuYWkMiTJD4N3gjCid9FUjyNTkMAG5cr,/ip4/121.161.231.15/tcp/55890,286687,"{""seq_number"":36176,""attnets"":""0600000000000000"",""syncnets"":""00""}","[1,2]","[1,39,2]",Lighthouse/v5.1.3-3058b96/x86_64-linux,FLY_MACHINE_ID,FLY_REGION,1716911840014
enr:-Ma4QAoRGWJe-wqf-iRe-Gqp-vRTu-R2dFzG8q0ZDz0x_515UFydD2O2WjM63OKeGr33JzoCqwCAF9w4_qZ-LxNkcvmCOemHYXR0bmV0c4gAAwAAAAAAAIRldGgykGqVoakEAAAA__________-CaWSCdjSCaXCEAhwc2YRxdWljgiMpiXNlY3AyNTZrMaEDLY-qNlU243-P9Zd8W0XikteIUYKEP9N4Qv47t-RyYo-Ic3luY25ldHMAg3RjcIIjKIN1ZHCCIyg,16Uiu2HAmFiqkk2RbqGjiBNmYbUtWX1FpKVpirewjqtCyXRYpgEL6,/ip4/2.28.28.217/tcp/9000,286687,"{""seq_number"":14410,""attnets"":""0003000000000000"",""syncnets"":""00""}","[8,9]","[9,22,8]",Lighthouse/v5.0.0-b5bae6e/x86_64-linux,FLY_MACHINE_ID,FLY_REGION,1716911849013
enr:-MK4QCcidyZ34A5Mbr5WEymZvX9C70jwtnpL-n3F4hebRbH2f0I_HT6XkdZOzLf22qbpUz3NelKfAPkD2KeB7uaNAmaGAY8qBuROh2F0dG5ldHOIAwAAAAAAAACEZXRoMpBqlaGpBAAAAP__________gmlkgnY0gmlwhEPRNSqJc2VjcDI1NmsxoQJRtWkGF75UfXBTCfbZKFJByh7pXNmZc5N1DR90G6Mxv4hzeW5jbmV0cwCDdGNwgjLIg3VkcIIu4A,16Uiu2HAkzvdSgjoaFMd8CUZEYCe1GEQainUQCvsRKuQvkmgR8x7p,/ip4/67.209.53.42/tcp/13000,286687,"{""seq_number"":35,""attnets"":""0300000000000000"",""syncnets"":""00""}","[0,1]","[1,25,11,0,47]",Prysm/v5.0.3/38f208d70dc95b12c08403f5c72009aaa10dfe2f,FLY_MACHINE_ID,FLY_REGION,1716911862654
enr:-Ma4QCWTtYJ0ZF8dd6ENAzOwAG_2xXnuaVxiy9XXDbmHaHqzL29yLivLSYx5Rc8XPuaE8nqlPUW7ZgFKnq0O8B4hY6OCtxCHYXR0bmV0c4gAwAAAAAAAAIRldGgykGqVoakEAAAA__________-CaWSCdjSCaXCEQWxiIoRxdWljgiMpiXNlY3AyNTZrMaEDbtG1k4Nm9I2Gdusll3jrWgn2Whd9GG9ZXj31strPAZWIc3luY25ldHMAg3RjcIIjKIN1ZHCCIyg,16Uiu2HAmL7afYSJZWZY5RagPVuMQ3MKfMFGYghx5PJoF6dcSVWha,/ip4/65.108.98.34/tcp/9000,286687,"{""seq_number"":46839,""attnets"":""00c0000000000000"",""syncnets"":""00""}","[14,15]","[15,14,30]",Lighthouse/v5.0.0-b5bae6e/x86_64-linux,FLY_MACHINE_ID,FLY_REGION,1716911878680
enr:-Ma4QFHaryi_8rP5wHFsHYEj15j5I6CELtZW_G-1tZhNcO5yJS9SGkgCK8-PluCGM0k2bbtxxtv5lFxGsphyKHLlByKCBIqHYXR0bmV0c4gAAAAAAADAAIRldGgykGqVoakEAAAA__________-CaWSCdjSCaXCEEKq5aIRxdWljgqQRiXNlY3AyNTZrMaED7-YiqiXbLHAPwkapVL-d7CSyt5KMcruHF5F92biHLYSIc3luY25ldHMIg3RjcIKkEIN1ZHCCpBA,16Uiu2HAmUoTKhtKU7cem2wbf5XgoofUTiBSb6QGnZEBUt9j5FnEF,/ip4/16.170.185.104/tcp/42000,286687,"{""seq_number"":1142,""attnets"":""000000000000c000"",""syncnets"":""08""}","[54,55]","[40,16,27,55,1,63,33,32,23,34,19,54,42,30,34,62,23,41,32,43,33,42]",Lighthouse/v5.1.3-3058b96/x86_64-linux,FLY_MACHINE_ID,FLY_REGION,1716911879096
enr:-Ma4QOtMp5iZ-UY2DwY0uafmmABiFHUWXf3C_wQZ7B4HRtJjTqanfgfdtsMxD4s_jE3nAHzE04sdScfvFuLf2AbCGFyCApKHYXR0bmV0c4gAgAEAAAAAAIRldGgykGqVoakEAAAA__________-CaWSCdjSCaXCEkjuVwYRxdWljgiMpiXNlY3AyNTZrMaED0wUKZhPYfqVMSyP19BGTNJljrc6FffE-6SUIo3oo23uIc3luY25ldHMPg3RjcIIjKIN1ZHCCIyg,16Uiu2HAmSriqFp2bcQKBGpduDa27GrmQ6Cj2zftmNU3pfApucmc6,/ip4/146.59.149.193/tcp/9000,286687,"{""seq_number"":611,""attnets"":""0080010000000000"",""syncnets"":""0f""}","[15,16]","[37,7,39,30,24,3,40,0,12,48,18,28,38,52,63,13,54,62,45,43,53,14,56,47,35,55,58,22,15,6,23,50,16,51,1,9,42,36]",Lighthouse/v5.1.3-3058b96/x86_64-linux,FLY_MACHINE_ID,FLY_REGION,1716911891305
enr:,16Uiu2HAmMgB9FgWEEwxaWXvBRt8bdkBfcQ1Gq6rCiRMnqBQ2VmjR,/ip4/57.128.117.158/tcp/43798,286687,"{""seq_number"":840,""attnets"":""0000003000000000"",""syncnets"":""04""}","[28,29]","[29,36,48,31,15,28]",Lighthouse/v5.1.3-3058b96/x86_64-linux,FLY_MACHINE_ID,FLY_REGION,1716911892176
enr:-MS4QAMHefPmnSR8E72Odvs-5Jr8NUNmz5a3AJ9cbZG7IuxhAndDr8_UQGPEatwIWkmzPQiorjgsTnUg1epOy74hJSojh2F0dG5ldHOIAwAAAAAAAACEZXRoMpBqlaGpBAAAAP__________gmlkgnY0gmlwhLIXfkuEcXVpY4IjKYlzZWNwMjU2azGhAhdUcgEFKy9N4VxTSNKd6WLjNQhxHKB1HgjCee2wdRLoiHN5bmNuZXRzAIN0Y3CCe3CDdWRwgntw,16Uiu2HAkvzk3Kvnwcs2rQrKSQep5Rq1pj6Nd8ZoHtbSLVZs5SjMH,/ip4/178.23.126.75/tcp/31600,286687,"{""seq_number"":36,""attnets"":""c000000000000000"",""syncnets"":""00""}","[6,7]","[6,21,20,35,1,49,7,26,25]",Lighthouse/v5.1.3-3058b96/x86_64-linux,FLY_MACHINE_ID,FLY_REGION,1716911899086
enr:,16Uiu2HAm1Ey6QRfuWK3o4KMX573qHYZep3tqTv2gmmoNfTaPfSD8,/ip4/130.132.173.20/tcp/31798,286687,"{""seq_number"":1,""attnets"":""0000000000000300"",""syncnets"":""00""}","[48,49]","[17,40,39,3,21,54,7,0,35,8,57,16,19,2,56,55,42,60,33,43,29,58,26,47,5,9,25,10,61,52,15,34,45,30,18,20,22,13,49,28,27,32,4,44,11,51,63,1,41,53,50,12,24,46,36,62,31,38,14,23,59,6,48,37]",Prysm/Unknown/Local build,FLY_MACHINE_ID,FLY_REGION,1716911907247
enr:-Ma4QFhM2BUT69gJPlPh3Mf0WoAxG2fMUYlmUNQGUX3uGJmcNDnyxZYFSIYmR8LAwiOiNPFocStk7wbVFdH7X6qYO3WCcLOHYXR0bmV0c4gAAAAAAAAGAIRldGgykGqVoakEAAAA__________-CaWSCdjSCaXCEIk3uPYRxdWljgiZ9iXNlY3AyNTZrMaEDRpoeA3g_HrFW7VOrHVDUSKaILdnkpSsRXcC8VncEoBSIc3luY25ldHMGg3RjcIImfIN1ZHCCJnw,16Uiu2HAmHQbC4bRTKZ1ERziAgL9hnjPVYJjJgR7SK39tqzMwQ4TD,/ip4/34.77.238.61/tcp/9852,286687,"{""seq_number"":28781,""attnets"":""0000000000000600"",""syncnets"":""06""}","[49,50]","[41,1,49,45,50,33]",Lighthouse/v5.1.3-3058b96/x86_64-linux,FLY_MACHINE_ID,FLY_REGION,1716911908932
enr:-Ma4QGxS19_anSaHesm7hDWv2fMBkPajwVw64Y9SMtJGKA9UI6TW2byDlm1IyXOtKnQzomEJfF2hWFrY_mGtPC-XpXGCA32HYXR0bmV0c4gAAAAAAIABAIRldGgykGqVoakEAAAA__________-CaWSCdjSCaXCEA3gby4RxdWljgh9BiXNlY3AyNTZrMaECO6XrEO5kb9C_1g8MfIyb1z4zzbraEWtsCN825SoyuAmIc3luY25ldHMCg3RjcIIjKYN1ZHCCIyk,16Uiu2HAkySWmnvqcpyxCNKwjn1P6VDSvBgKzhBWAkAqsMRzDqxo2,/ip4/3.120.27.203/tcp/9001,286687,"{""seq_number"":822,""attnets"":""0000000000800100"",""syncnets"":""02""}","[47,48]","[47,33,30,48]",Lighthouse/v5.1.3-3058b96/aarch64-linux,FLY_MACHINE_ID,FLY_REGION,1716911908975
enr:-MK4QD5OINJlLYEE5Xy89K3NZQ6E-UGjbQHLV73_SHKoJcmHUg4oJo9lkLdTmsqPpo_JuxMSvZsglEg61IuPAs7dcRSGAY8a8F5-h2F0dG5ldHOIAwAAAAAAAACEZXRoMpBqlaGpBAAAAP__________gmlkgnY0gmlwhEIXyTqJc2VjcDI1NmsxoQLERt8r7bq7M9ws95gBiabtlOlhpD5J8zOkIm7KGtD2GIhzeW5jbmV0cwCDdGNwgjLIg3VkcIIu4A,16Uiu2HAm8drZuNh5G6Y5MmaPuJemuoCaNn5CWbfRF2TRwuuhVTh1,/ip4/66.23.201.58/tcp/13000,286687,"{""seq_number"":29,""attnets"":""0300000000000000"",""syncnets"":""00""}","[0,1]","[63,29,17,20,46,26,36,0,14,59,48,34,1,22,30,38,55,54,53,45,42,7,35,19,16,37,60,56,11,40,57,52,61,47,28,18,33,62,41,51,21,58,10,13,27,4,15,25,24,44,31,39,2,9,12,49,5,50,43,3,23,6,32,8]",Prysm/Unknown/Local build,FLY_MACHINE_ID,FLY_REGION,1716911909638
enr:-Ma4QCe3n1lWCdX0L6jevsTrxxo35gqjBu_L_meYISbXJbN_fuFQ09z3cLFkfZLl9a1OYLUU8tAFS_jD3yBb_c5IuMOCA8eHYXR0bmV0c4gAAABgAAAAAIRldGgykGqVoakEAAAA__________-CaWSCdjSCaXCEn4pk_YRxdWljgnZniXNlY3AyNTZrMaEDYcgufjMSDTu_P2V66i7-oV8IDudt1Ab8b7OdMB5UXcSIc3luY25ldHMAg3RjcIJ2ZoN1ZHCCdmY,16Uiu2HAmKEgwQryAL7nUeGHjk8sGvRrKiTLdLmn1ka6YZGhT8thH,/ip4/159.138.100.253/tcp/30310,286687,"{""seq_number"":665,""attnets"":""0000006000000000"",""syncnets"":""00""}","[29,30]","[30,51,29]",Lighthouse/v5.1.3-3058b96/x86_64-linux,FLY_MACHINE_ID,FLY_REGION,1716911911492
enr:-Ly4QMGcKdqQox9vMet3slmEEqRlgMm2XYPYVu2tGQdlGSH7eQkriA4_DH_xYZtn3VVZ7sDJVD_cWR9pUnz6odh5FNQPh2F0dG5ldHOIAAAAAAwAAACEZXRoMpBqlaGpBAAAAP__________gmlkgnY0gmlwhNW9ghiJc2VjcDI1NmsxoQOupl3HzKpXu4p9cgIFKgMh8HJy_WnnPfrzSXTNQkb4xIhzeW5jbmV0cwCDdGNwgiMog3VkcIIjKA,16Uiu2HAmQQkRcqnRXsobGZNU9irGMnv5si4oicwUVokSYqG4CqUX,/ip4/213.189.130.24/tcp/9000,286687,"{""seq_number"":13,""attnets"":""000000000c000000"",""syncnets"":""00""}","[34,35]","[61,43,44,31,34,54,18,37,35]",nimbus,FLY_MACHINE_ID,FLY_REGION,1716911918302
enr:-Mq4QFYnRGKwJTTynJxo1anIKW7Mn1_pI7TYpHzJF6bWuEG9X5nC93vbA7mhUsiR-ovxQMON2-q_LWlMfQkilXG6jxqGAY9SaCKUh2F0dG5ldHOIAAAAAAYAAACEZXRoMpBqlaGpBAAAAP__________gmlkgnY0gmlwhKM1kQqJc2VjcDI1NmsxoQOHGX6lC6auYwa9keORiyviyjdIZez9qYKof96NbUASK4hzeW5jbmV0cwCDdGNwgjLIg3VkcII1kIR1ZHA2gi7g,16Uiu2HAmMkMwKut1qxxCbxybEzLdGqbwA4M92DZgRdRZJevTFBh4,/ip4/163.53.145.10/tcp/13568,286687,"{""seq_number"":22,""attnets"":""0000000006000000"",""syncnets"":""00""}","[33,34]","[25,52,45,33,63,34]",Prysm/v5.0.3/38f208d70dc95b12c08403f5c72009aaa10dfe2f,FLY_MACHINE_ID,FLY_REGION,1716911925531
enr:-Ma4QAmCXQ-YztkXaQV1w8Eco_i2ZJgeKXoY1BO9mWe3ZQWXN7krlyKhe3EYjLoIC_6s4pLnWzx8ApknqzHkhML_zl6CAU-HYXR0bmV0c4gAAAAAAACAAYRldGgykGqVoakEAAAA__________-CaWSCdjSCaXCEDfqV-oRxdWljgiMpiXNlY3AyNTZrMaECAJ2TBFi6fJT3SwSyBXUGCIiscyywIRkUp5opvap26SWIc3luY25ldHMAg3RjcIIjKIN1ZHCCIyg,16Uiu2HAkuU5LeKjNXyrrYWFyFcEHUZzLDSX33rZD2w1shacpZFzt,/ip4/13.250.149.250/tcp/9000,286687,"{""seq_number"":318,""attnets"":""0000000000008001"",""syncnets"":""00""}","[55,56]","[56,54,55]",Lighthouse/v5.1.2-5ce1619/aarch64-linux,FLY_MACHINE_ID,FLY_REGION,1716911941367
enr:-Ma4QFLGrLipwoEzEWpwM8IBQHV2gPMUPjCD01jnReG8hmrXa2kisCauyhwLpJ4jumVv3WMe-4-2sXHmU4sou8Z77FiCBWCHYXR0bmV0c4gADAAAAAAAAIRldGgykGqVoakEAAAA__________-CaWSCdjSCaXCEM1tqUIRxdWljgiMpiXNlY3AyNTZrMaEDRDTr-uuuLLKj4d2pfq_8M7wZrhDoKO0UpTGXVJ8aYh-Ic3luY25ldHMPg3RjcIIjKIN1ZHCCIyg,16Uiu2HAmHFEsu8VCyXTMErXYApVLszwYDVhHa2hLpoZ1oMdCTTn6,/ip4/51.91.106.80/tcp/9000,286687,"{""seq_number"":1338,""attnets"":""000c000000000000"",""syncnets"":""0f""}","[10,11]","[11,10,24]",Lighthouse/v5.1.3-3058b96/x86_64-linux,FLY_MACHINE_ID,FLY_REGION,1716911968934
enr:-Ly4QDi1goU0r2hAaVeXuP3OdrGU_beZWwLGxrKwKAMJF14FLfVABuxtZ-oDhiwUOzarfrm5TuOsQpBdkYbi4Cbv_i8Qh2F0dG5ldHOIABgAAAAAAACEZXRoMpBqlaGpBAAAAP__________gmlkgnY0gmlwhDNP5hqJc2VjcDI1NmsxoQLWSxMVYHr76qTANuKKn1AtNKyNva1T7DL0mDDE_TKr9YhzeW5jbmV0cwKDdGNwgiMog3VkcIIjKA,16Uiu2HAm9rBd89PjuhKQJ8HqKmmpjS9M5GY8yY1CmyCBsoEctrrp,/ip4/51.79.230.26/tcp/9000,286687,"{""seq_number"":10,""attnets"":""0018000000000000"",""syncnets"":""02""}","[11,12]","[11,12,42,39,19,33]",lodestar/v1.18.1,FLY_MACHINE_ID,FLY_REGION,1716911970562
enr:-Ma4QIPlI5Iw6WGqfmTdxrnIH_Do1k3CylqEjjZq8HBzRqXWI-F5mek_Z-G_tAGafJB2pSmYIrKteVaTtHMshK-t7XuCAXOHYXR0bmV0c4gAGAAAAAAAAIRldGgykGqVoakEAAAA__________-CaWSCdjSCaXCENvmt34RxdWljgjLJiXNlY3AyNTZrMaECZETvWaROj3L8tnNmFPXR_AbSYCkXe3L2px_Ky1Xb1dmIc3luY25ldHMHg3RjcIIyyIN1ZHCCLuA,16Uiu2HAm2B5iVaC8bGVhwZ2QHsH2dy8VFzfqCFqptMYTPzTNzVrQ,/ip4/54.249.173.223/tcp/13000,286687,"{""seq_number"":1217,""attnets"":""0018000000000000"",""syncnets"":""07""}","[11,12]","[12,52,2,34,13,53,47,30,59,11,9,54]",rust-libp2p/0.44.1,FLY_MACHINE_ID,FLY_REGION,1716911971144
enr:-MS4QMGiMPTCxpD-HEKXSsa4p9PIqMmL3e7vrHYDdst9vzctc4gQUhuiXP-y94DJMoCkOngPaQGgyQbpqKVlMkj2sllmh2F0dG5ldHOIAAAAAAAMAACEZXRoMpBqlaGpBAAAAP__________gmlkgnY0gmlwhAjRaxuEcXVpY4IjKYlzZWNwMjU2azGhAwy6cOSaIDwhFkdqp0WU8PngxNLipCVGKG7BGCzN_cb3iHN5bmNuZXRzD4N0Y3CCIyiDdWRwgiMo,16Uiu2HAmDWg8dVxQM9BzFpPmDdkwn1p172xjN4Gk3QjYwayzjEk6,/ip4/8.209.107.27/tcp/9000,286687,"{""seq_number"":87,""attnets"":""00000000000c0000"",""syncnets"":""0f""}","[42,43]","[43,42,47]",Lighthouse/v5.1.3-3058b96/x86_64-linux,FLY_MACHINE_ID,FLY_REGION,1716911999013
enr:-Ma4QGbEpLp5kiLKX1xBcW_ngT1PaYlBy8gJNC4FoolVSIdsS79HV-ALnJBZKSqXSRXs9-LDftAodrDAA7JQcT-u2iiChKeHYXR0bmV0c4gAGAAAAAAAAIRldGgykGqVoakEAAAA__________-CaWSCdjSCaXCEIk56goRxdWljgiZ9iXNlY3AyNTZrMaECjYYKckdsy9CrPwijxdpU5RI6zIxZ5TYi-5FZrq5SehaIc3luY25ldHMAg3RjcIImfIN1ZHCCJnw,16Uiu2HAm4x81do1vHw7fYgZ7mG9oWb4hUvS8TipqFhPMYHas5SfP,/ip4/34.78.122.130/tcp/9852,286687,"{""seq_number"":33910,""attnets"":""0018000000000000"",""syncnets"":""00""}","[11,12]","[11,12,6,31,50]",Lighthouse/v5.1.3-3058b96/x86_64-linux,FLY_MACHINE_ID,FLY_REGION,1716911999019
enr:-MS4QBw3kcOkLWmlr5o-6lRvdZ976Rvu-gupW4a-vJ3CkomvKKFTOdvTbjcBU6VY-AHRPWRCVFUn9pi2GYGq8HDXduF-h2F0dG5ldHOIAAAAADAAAACEZXRoMpBqlaGpBAAAAP__________gmlkgnY0gmlwhCJDSt2EcXVpY4IjKYlzZWNwMjU2azGhA7BCT0KsecD9UBgLaK1ZFnS29jSUB5x6VVaFwTXLyG0HiHN5bmNuZXRzD4N0Y3CCIyiDdWRwgiMo,16Uiu2HAmQX2kTDkgRhmzi8dupijfm3RpYuhW2KAYgKmZyLibJcXg,/ip4/34.67.74.221/tcp/9000,286687,"{""seq_number"":111,""attnets"":""0000000030000000"",""syncnets"":""0f""}","[36,37]","[56,38,36,52,37,48,28,29,8]",Lighthouse/v5.1.3-3058b96/x86_64-linux,FLY_MACHINE_ID,FLY_REGION,1716911999681
enr:-MS4QPX48j8EmHUp9oz2BFEi8nPVLktuF5GZJkMyq-Idj9rmAyaSBlo3B5Wucd-BiuwmlXSvksFmRanGTAhxvM4RH1t-h2F0dG5ldHOIMAAAAAAAAACEZXRoMpBqlaGpBAAAAP__________gmlkgnY0gmlwhJ6M7hyEcXVpY4IjkolzZWNwMjU2azGhA9yrEB2mM5TWcyFj5JS1HW_sbU_9cLLGMlM_TQniDA3WiHN5bmNuZXRzAIN0Y3CCI5GDdWRwgiOR,16Uiu2HAmTWPLGj8uBWBLyKxUfidn5WgtWmexWC3iWyhUwAd7JgRb,/ip4/158.140.238.28/tcp/9105,286687,"{""seq_number"":112,""attnets"":""3000000000000000"",""syncnets"":""00""}","[4,5]","[5,4,37]",Lighthouse/v5.1.0-10a38a8/x86_64-linux,FLY_MACHINE_ID,FLY_REGION,1716912001971
enr:,16Uiu2HAm3EsjwoCimPbpJxNv5PwFcCbyWRyCBSV8SJJGxg4vYqY8,/ip4/47.187.193.151/tcp/64262,286687,"{""seq_number"":637,""attnets"":""0600000000000000"",""syncnets"":""00""}","[1,2]","[1,24,2,4]",Lighthouse/v5.1.3-3058b96/x86_64-linux,FLY_MACHINE_ID,FLY_REGION,1716912059084
enr:-Ma4QFn0KkDVHMYItt1gRIW_e6GgXLdYJ_xUgqXCVO7MZy0zeuvdS-pTuLUNX6OcE9LOwfIgSNhPPWzyY2RLI1yOAuiCAQ-HYXR0bmV0c4gBAAAAAAAAgIRldGgykGqVoakEAAAA__________-CaWSCdjSCaXCEohNW5IRxdWljgiMpiXNlY3AyNTZrMaECt2zLcpiZKN8OUnCkFCG5s5CSwkZ2yOLh0swgxR5JENuIc3luY25ldHMFg3RjcIIjKIN1ZHCCIyg,16Uiu2HAm7mgomypi9rZkcLDL314uNtEvV61hcTyFCrtPven2Mq5c,/ip4/162.19.86.228/tcp/9000,286687,"{""seq_number"":242,""attnets"":""0100000000000080"",""syncnets"":""05""}","[0,63]","[9,0,63,10,8,22,52,10,49,22,21,19]",Lighthouse/v5.1.3-3058b96/x86_64-linux,FLY_MACHINE_ID,FLY_REGION,1716912179023
enr:,16Uiu2HAmKQKjnFYkoKYJHZYSYVuWgUtQgxug8tsh5MWHQqG5qy7V,/ip4/51.91.214.54/tcp/59794,286687,"{""seq_number"":578,""attnets"":""0000300000000000"",""syncnets"":""00""}","[20,21]","[20,21,35]",Lighthouse/v5.1.1-2a3c709/x86_64-linux,FLY_MACHINE_ID,FLY_REGION,1716912180679
enr:-Ly4QHgCU69-mD-A81ZEic0cEtdCDv5OWPdV4x3HvZ-d-qpbZp9ieOFic2qoCFsTnJWf1a_AhgmP2hFIkmgItgsqT9gRh2F0dG5ldHOIAMAAAAAAAACEZXRoMpBqlaGpBAAAAP__________gmlkgnY0gmlwhA_Mj1iJc2VjcDI1NmsxoQIU_GtCtG_F2YRiks41W6dVsJ5gfU235WUAEsBk6_WtgIhzeW5jbmV0cw-DdGNwgiMog3VkcIIjKA,16Uiu2HAkvqbNgNDjDxcn1NgzMFZr9zzM5GyssQ2kdXUvQexXaEC7,/ip4/15.204.143.88/tcp/9000,286687,"{""seq_number"":15,""attnets"":""00c0000000000000"",""syncnets"":""0f""}","[14,15]","[30,44,2,42,3,23,34,13,39,62,29,14,7,6,38,35,24,41,40,15,32,50,22,59,55,63,9,43,48,20,60,52,10,54,5,56,0,12,18,37,8,1,11]",nimbus,FLY_MACHINE_ID,FLY_REGION,1716912198890
enr:-MW4QPAft0b5xZ8JFBWFUiCy5itddnwGMvYh51GKgUD0tCiBSdTqf3njZU7bqji_MWjQCRL6ra08ZtWl60iJkCFyAYeBjodhdHRuZXRziAAAYAAAAAAAhGV0aDKQapWhqQQAAAD__________4JpZIJ2NIJpcIRGIt5MhHF1aWOCIymJc2VjcDI1NmsxoQPK6lio3iNs8rYjFK9ECDUH-CjS7_mj-0ngBwHUlPmOkIhzeW5jbmV0cwCDdGNwgiMog3VkcIIjKA,16Uiu2HAmSK5xndEMwhcPiHpm2QJ4nCm5QDc9NBVuWVpYT8SX8F6X,/ip4/70.34.222.76/tcp/9000,286687,"{""seq_number"":129,""attnets"":""0000600000000000"",""syncnets"":""00""}","[21,22]","[21,2,22]",Lighthouse/v5.1.3/x86_64-linux,FLY_MACHINE_ID,FLY_REGION,1716912208743
enr:-Ma4QFdfZKmJjF_xXNGR1Rdclt7p2BxiLDNtwHmwuREPDbHEWqe7AagHHCytJ7t4ABTA1td4jNtRrtzPY48yFbpFF9SCAcaHYXR0bmV0c4gAAAAAAAAABoRldGgykGqVoakEAAAA__________-CaWSCdjSCaXCEDeSH24RxdWljgqvhiXNlY3AyNTZrMaECQ0Ie32OWokFYdqDBhPRxfjqKfV7XeJ70_rAML91MwWKIc3luY25ldHMPg3RjcIKr4IN1ZHCCq-A,16Uiu2HAkyxDmo6rrikL7WiMenrmeKvBwCL7tL1MzCJwkgsy2YZNy,/ip4/13.228.135.219/tcp/44000,286687,"{""seq_number"":439,""attnets"":""0000000030000000"",""syncnets"":""07""}","[36,37]","[55,24,3,37,17,60,36,57]",Lighthouse/v5.1.3-3058b96/x86_64-linux,FLY_MACHINE_ID,FLY_REGION,1716912211397
enr:,16Uiu2HAmLupGT6QU8vwZz2N6DFcZnmUDi51erULV2yrib5YcWXRR,/ip4/129.132.30.218/tcp/13000,286688,"{""seq_number"":28,""attnets"":""3000000000000000"",""syncnets"":""00""}","[4,5]","[9,53,10,29,8,57,48,61,30,6,62,37,56,32,52,51,47,63,23,15,17,59,28,16,0,43,11,36,58,25,46,12,13,27,54,42,35,38,2,39,49,22,1,34,4,24,33,14,20,40,45,5,3,31,7,60,55,44,21,19,41,18,50,26]",Prysm/Unknown/Local build,FLY_MACHINE_ID,FLY_REGION,1716912247513
enr:-Ma4QKTz92VdqN4fVA9jREJhmJ-aTXbk0-kV3CdrxMlKqjGJQpm0F6E5qu8PPIs2MXI979xLYMMHle_c7zTBFbPZFSqCAQyHYXR0bmV0c4gAAAAAAAADAIRldGgykGqVoakEAAAA__________-CaWSCdjSCaXCEYPVfaoRxdWljgiORiXNlY3AyNTZrMaEDW9OjCcOyvVQPqRMdI8l8umgCAbgCtP-Ip4n6gm8zdUqIc3luY25ldHMAg3RjcIIjkIN1ZHCCI5A,16Uiu2HAmJqSd8rvAQJ3kKtw5io2QuuEingsvpRTHvxXbDbRRPETb,/ip4/96.245.95.106/tcp/9104,286688,"{""seq_number"":224,""attnets"":""0000000000000300"",""syncnets"":""00""}","[48,49]","[49,48,41]",Lighthouse/v5.1.3-3058b96/x86_64-linux,FLY_MACHINE_ID,FLY_REGION,1716912249007
enr:-Ma4QFHaryi_8rP5wHFsHYEj15j5I6CELtZW_G-1tZhNcO5yJS9SGkgCK8-PluCGM0k2bbtxxtv5lFxGsphyKHLlByKCBIqHYXR0bmV0c4gAAAAAAADAAIRldGgykGqVoakEAAAA__________-CaWSCdjSCaXCEEKq5aIRxdWljgqQRiXNlY3AyNTZrMaED7-YiqiXbLHAPwkapVL-d7CSyt5KMcruHF5F92biHLYSIc3luY25ldHMIg3RjcIKkEIN1ZHCCpBA,16Uiu2HAmUoTKhtKU7cem2wbf5XgoofUTiBSb6QGnZEBUt9j5FnEF,/ip4/16.170.185.104/tcp/42000,286688,"{""seq_number"":1142,""attnets"":""000000000000c000"",""syncnets"":""08""}","[54,55]","[7,62,45,22,39,37,38,27,55,2,5,10,0,34,19,3,54]",Lighthouse/v5.1.3-3058b96/x86_64-linux,FLY_MACHINE_ID,FLY_REGION,1716912269050
enr:-MK4QCcidyZ34A5Mbr5WEymZvX9C70jwtnpL-n3F4hebRbH2f0I_HT6XkdZOzLf22qbpUz3NelKfAPkD2KeB7uaNAmaGAY8qBuROh2F0dG5ldHOIAwAAAAAAAACEZXRoMpBqlaGpBAAAAP__________gmlkgnY0gmlwhEPRNSqJc2VjcDI1NmsxoQJRtWkGF75UfXBTCfbZKFJByh7pXNmZc5N1DR90G6Mxv4hzeW5jbmV0cwCDdGNwgjLIg3VkcIIu4A,16Uiu2HAkzvdSgjoaFMd8CUZEYCe1GEQainUQCvsRKuQvkmgR8x7p,/ip4/67.209.53.42/tcp/13000,286688,"{""seq_number"":35,""attnets"":""0300000000000000"",""syncnets"":""00""}","[0,1]","[29,0,47,1,8,52]",Prysm/v5.0.3/38f208d70dc95b12c08403f5c72009aaa10dfe2f,FLY_MACHINE_ID,FLY_REGION,1716912270730
enr:-Ma4QGjjPEcEt2t-R10Hx5A0_4uYhzWn5hyyLuxCU1DM8lZDV69LkajnwD9W0cu1haYY7HcWfrE6QvBdV45qsg3jMLqCARKHYXR0bmV0c4gAAAAAYAAAAIRldGgykGqVoakEAAAA__________-CaWSCdjSCaXCED-vaPIRxdWljgiMpiXNlY3AyNTZrMaEDSqbSSIR2EIZwsI6RnjCe6xlbHeuxdpxmhpvIwHp4HrSIc3luY25ldHMPg3RjcIIjKIN1ZHCCIyg,16Uiu2HAmHgQ4KGWFvVGyX2JN9PdDddBNYe2tVf54dzKTCaKLSrtj,/ip4/15.235.218.60/tcp/9000,286688,"{""seq_number"":245,""attnets"":""0000000060000000"",""syncnets"":""0f""}","[37,38]","[62,56,39,6,24,36,26,20,43,34,35,40,58,27,1,18,33,19,14,30,16,37,4,60,38,44,25,23,47,5,12,8,21,61,41,55,7,45,51,63,3,28,29,42,15]",Lighthouse/v5.1.3-3058b96/x86_64-linux,FLY_MACHINE_ID,FLY_REGION,1716912295239
enr:-Ma4QFhM2BUT69gJPlPh3Mf0WoAxG2fMUYlmUNQGUX3uGJmcNDnyxZYFSIYmR8LAwiOiNPFocStk7wbVFdH7X6qYO3WCcLOHYXR0bmV0c4gAAAAAAAAGAIRldGgykGqVoakEAAAA__________-CaWSCdjSCaXCEIk3uPYRxdWljgiZ9iXNlY3AyNTZrMaEDRpoeA3g_HrFW7VOrHVDUSKaILdnkpSsRXcC8VncEoBSIc3luY25ldHMGg3RjcIImfIN1ZHCCJnw,16Uiu2HAmHQbC4bRTKZ1ERziAgL9hnjPVYJjJgR7SK39tqzMwQ4TD,/ip4/34.77.238.61/tcp/9852,286688,"{""seq_number"":28781,""attnets"":""0000000000000600"",""syncnets"":""06""}","[49,50]","[34,28,49,35,50,55,16,55,60,28]",Lighthouse/v5.1.3-3058b96/x86_64-linux,FLY_MACHINE_ID,FLY_REGION,1716912299021
enr:-Ma4QGxS19_anSaHesm7hDWv2fMBkPajwVw64Y9SMtJGKA9UI6TW2byDlm1IyXOtKnQzomEJfF2hWFrY_mGtPC-XpXGCA32HYXR0bmV0c4gAAAAAAIABAIRldGgykGqVoakEAAAA__________-CaWSCdjSCaXCEA3gby4RxdWljgh9BiXNlY3AyNTZrMaECO6XrEO5kb9C_1g8MfIyb1z4zzbraEWtsCN825SoyuAmIc3luY25ldHMCg3RjcIIjKYN1ZHCCIyk,16Uiu2HAkySWmnvqcpyxCNKwjn1P6VDSvBgKzhBWAkAqsMRzDqxo2,/ip4/3.120.27.203/tcp/9001,286688,"{""seq_number"":822,""attnets"":""0000000000800100"",""syncnets"":""02""}","[47,48]","[47,48,38,28]",Lighthouse/v5.1.3-3058b96/aarch64-linux,FLY_MACHINE_ID,FLY_REGION,1716912299084
enr:,16Uiu2HAmMgB9FgWEEwxaWXvBRt8bdkBfcQ1Gq6rCiRMnqBQ2VmjR,/ip4/57.128.117.158/tcp/9000,286688,"{""seq_number"":840,""attnets"":""0000003000000000"",""syncnets"":""04""}","[28,29]","[0,29,56,36,22,43,11,17,28,54,11,53,22,56,19,14,6]",Lighthouse/v5.1.3-3058b96/x86_64-linux,FLY_MACHINE_ID,FLY_REGION,1716912299110
enr:-Ma4QCe3n1lWCdX0L6jevsTrxxo35gqjBu_L_meYISbXJbN_fuFQ09z3cLFkfZLl9a1OYLUU8tAFS_jD3yBb_c5IuMOCA8eHYXR0bmV0c4gAAABgAAAAAIRldGgykGqVoakEAAAA__________-CaWSCdjSCaXCEn4pk_YRxdWljgnZniXNlY3AyNTZrMaEDYcgufjMSDTu_P2V66i7-oV8IDudt1Ab8b7OdMB5UXcSIc3luY25ldHMAg3RjcIJ2ZoN1ZHCCdmY,16Uiu2HAmKEgwQryAL7nUeGHjk8sGvRrKiTLdLmn1ka6YZGhT8thH,/ip4/159.138.100.253/tcp/30310,286688,"{""seq_number"":665,""attnets"":""0000006000000000"",""syncnets"":""00""}","[29,30]","[14,43,30,29,26,42,8]",Lighthouse/v5.1.3-3058b96/x86_64-linux,FLY_MACHINE_ID,FLY_REGION,1716912301541
enr:-Ly4QMGcKdqQox9vMet3slmEEqRlgMm2XYPYVu2tGQdlGSH7eQkriA4_DH_xYZtn3VVZ7sDJVD_cWR9pUnz6odh5FNQPh2F0dG5ldHOIAAAAAAwAAACEZXRoMpBqlaGpBAAAAP__________gmlkgnY0gmlwhNW9ghiJc2VjcDI1NmsxoQOupl3HzKpXu4p9cgIFKgMh8HJy_WnnPfrzSXTNQkb4xIhzeW5jbmV0cwCDdGNwgiMog3VkcIIjKA,16Uiu2HAmQQkRcqnRXsobGZNU9irGMnv5si4oicwUVokSYqG4CqUX,/ip4/213.189.130.24/tcp/9000,286688,"{""seq_number"":13,""attnets"":""000000000c000000"",""syncnets"":""00""}","[34,35]","[61,30,42,19,34,54,51,39,18,62,27,25,35,55,1]",nimbus,FLY_MACHINE_ID,FLY_REGION,1716912329582
enr:-MK4QCo2oXIJqQiWrx5fEzv8YGwXnvvK5Gmge_FtcVQj21PqaCRSlyh68HPxsZwImT7zxqUPaypoRDcyRV0Ua8hTUlOGAY7m3b4dh2F0dG5ldHOIAAAAAwAAAACEZXRoMpBqlaGpBAAAAP__________gmlkgnY0gmlwhI1exyuJc2VjcDI1NmsxoQNUUnvEHYpv0Sx7szEvJsw7TyMvJ2Vm0JHjVWPX7vn67ohzeW5jbmV0cwCDdGNwgiMog3VkcIIjKA,16Uiu2HAmJL9Yd6uXt82rx3nT9iYkQneXZrndnDYCvYqWg8V5d8i9,/ip4/141.94.199.43/tcp/9000,286688,"{""seq_number"":40,""attnets"":""0000000300000000"",""syncnets"":""00""}","[24,25]","[30,19,5,40,3,43,4,56,23,52,24,36,11,27,22,15,25,44,32,57]",Prysm/v5.0.3/38f208d70dc95b12c08403f5c72009aaa10dfe2f,FLY_MACHINE_ID,FLY_REGION,1716912342009
enr:-MK4QAKGyRATNSX8rKqlz1gNuffisNhGgLzVBZf-wRYNObKrAfzcnY8J0b367mwpuN6a2qV_EhSDDvVWd6s6GhywFqiGAY5ZmeExh2F0dG5ldHOIAAAAAAAAAMCEZXRoMpBqlaGpBAAAAP__________gmlkgnY0gmlwhERrUjGJc2VjcDI1NmsxoQPYXEKmhN-uUk_RsVaeMFmN4Xh5yzN64_qeKhtufppywohzeW5jbmV0cwCDdGNwgiMog3VkcIIjKA,16Uiu2HAmTDa1U63otGUvZofXxanw3FxU9c1AsHijT3oSo1qNLFiy,/ip4/68.107.82.49/tcp/9000,286688,"{""seq_number"":62,""attnets"":""00000000000000c0"",""syncnets"":""00""}","[62,63]","[62,21,63]",Prysm/v5.0.1/a1a81d1720a0a3b850992d4825d0a023baa8e65a,FLY_MACHINE_ID,FLY_REGION,1716912348371
enr:-Ma4QFLGrLipwoEzEWpwM8IBQHV2gPMUPjCD01jnReG8hmrXa2kisCauyhwLpJ4jumVv3WMe-4-2sXHmU4sou8Z77FiCBWCHYXR0bmV0c4gADAAAAAAAAIRldGgykGqVoakEAAAA__________-CaWSCdjSCaXCEM1tqUIRxdWljgiMpiXNlY3AyNTZrMaEDRDTr-uuuLLKj4d2pfq_8M7wZrhDoKO0UpTGXVJ8aYh-Ic3luY25ldHMPg3RjcIIjKIN1ZHCCIyg,16Uiu2HAmHFEsu8VCyXTMErXYApVLszwYDVhHa2hLpoZ1oMdCTTn6,/ip4/51.91.106.80/tcp/9000,286688,"{""seq_number"":1338,""attnets"":""000c000000000000"",""syncnets"":""0f""}","[10,11]","[5,11,10,6,60,6]",Lighthouse/v5.1.3-3058b96/x86_64-linux,FLY_MACHINE_ID,FLY_REGION,1716912359016
enr:-Ly4QDi1goU0r2hAaVeXuP3OdrGU_beZWwLGxrKwKAMJF14FLfVABuxtZ-oDhiwUOzarfrm5TuOsQpBdkYbi4Cbv_i8Qh2F0dG5ldHOIABgAAAAAAACEZXRoMpBqlaGpBAAAAP__________gmlkgnY0gmlwhDNP5hqJc2VjcDI1NmsxoQLWSxMVYHr76qTANuKKn1AtNKyNva1T7DL0mDDE_TKr9YhzeW5jbmV0cwKDdGNwgiMog3VkcIIjKA,16Uiu2HAm9rBd89PjuhKQJ8HqKmmpjS9M5GY8yY1CmyCBsoEctrrp,/ip4/51.79.230.26/tcp/9000,286688,"{""seq_number"":10,""attnets"":""0018000000000000"",""syncnets"":""02""}","[11,12]","[11,12,21,31,28,18,37,25]",lodestar/v1.18.1,FLY_MACHINE_ID,FLY_REGION,1716912360560
enr:-Ma4QIPlI5Iw6WGqfmTdxrnIH_Do1k3CylqEjjZq8HBzRqXWI-F5mek_Z-G_tAGafJB2pSmYIrKteVaTtHMshK-t7XuCAXOHYXR0bmV0c4gAGAAAAAAAAIRldGgykGqVoakEAAAA__________-CaWSCdjSCaXCENvmt34RxdWljgjLJiXNlY3AyNTZrMaECZETvWaROj3L8tnNmFPXR_AbSYCkXe3L2px_Ky1Xb1dmIc3luY25ldHMHg3RjcIIyyIN1ZHCCLuA,16Uiu2HAm2B5iVaC8bGVhwZ2QHsH2dy8VFzfqCFqptMYTPzTNzVrQ,/ip4/54.249.173.223/tcp/13000,286688,"{""seq_number"":1217,""attnets"":""0018000000000000"",""syncnets"":""07""}","[11,12]","[40,12,51,57,21,13,29,30,63,45,11,44,54]",rust-libp2p/0.44.1,FLY_MACHINE_ID,FLY_REGION,1716912361142
enr:-Ma4QGbEpLp5kiLKX1xBcW_ngT1PaYlBy8gJNC4FoolVSIdsS79HV-ALnJBZKSqXSRXs9-LDftAodrDAA7JQcT-u2iiChKeHYXR0bmV0c4gAGAAAAAAAAIRldGgykGqVoakEAAAA__________-CaWSCdjSCaXCEIk56goRxdWljgiZ9iXNlY3AyNTZrMaECjYYKckdsy9CrPwijxdpU5RI6zIxZ5TYi-5FZrq5SehaIc3luY25ldHMAg3RjcIImfIN1ZHCCJnw,16Uiu2HAm4x81do1vHw7fYgZ7mG9oWb4hUvS8TipqFhPMYHas5SfP,/ip4/34.78.122.130/tcp/9852,286688,"{""seq_number"":33910,""attnets"":""0018000000000000"",""syncnets"":""00""}","[11,12]","[11,34,12,46]",Lighthouse/v5.1.3-3058b96/x86_64-linux,FLY_MACHINE_ID,FLY_REGION,1716912388940
enr:-MS4QBw3kcOkLWmlr5o-6lRvdZ976Rvu-gupW4a-vJ3CkomvKKFTOdvTbjcBU6VY-AHRPWRCVFUn9pi2GYGq8HDXduF-h2F0dG5ldHOIAAAAADAAAACEZXRoMpBqlaGpBAAAAP__________gmlkgnY0gmlwhCJDSt2EcXVpY4IjKYlzZWNwMjU2azGhA7BCT0KsecD9UBgLaK1ZFnS29jSUB5x6VVaFwTXLyG0HiHN5bmNuZXRzD4N0Y3CCIyiDdWRwgiMo,16Uiu2HAmQX2kTDkgRhmzi8dupijfm3RpYuhW2KAYgKmZyLibJcXg,/ip4/34.67.74.221/tcp/9000,286688,"{""seq_number"":111,""attnets"":""0000000030000000"",""syncnets"":""0f""}","[36,37]","[50,4,34,2,36,0,52,37,22,49,33]",Lighthouse/v5.1.3-3058b96/x86_64-linux,FLY_MACHINE_ID,FLY_REGION,1716912389784
enr:-MS4QPDPzhm1gl92NxQVyFlBAu9-NXzhRW2Nps5paeO37bvBfWQNYuPAgTu7fTlENOJJEZ9SMDent1bkpESEnPKi3jVqh2F0dG5ldHOIAAAAAAAAAAaEZXRoMpBqlaGpBAAAAP__________gmlkgnY0gmlwhDNR3YKEcXVpY4IjKYlzZWNwMjU2azGhAsSwZiEcF-G9sGSgFVtny8KgnbtRmkRSVODyX2c5tsxdiHN5bmNuZXRzD4N0Y3CCIyiDdWRwgiMo,16Uiu2HAm8fTtyN1VpYf3NXKgeYa1nzh7KtcC4bd6JWf7s2SM4FDN,/ip4/51.81.221.130/tcp/9000,286688,"{""seq_number"":91,""attnets"":""0000000000000006"",""syncnets"":""0f""}","[57,58]","[33,52,22,49,58,34,50,4,57,2,0]",Lighthouse/v5.1.3-3058b96/x86_64-linux,FLY_MACHINE_ID,FLY_REGION,1716912389981
enr:-Ma4QM46ZknCndoXcMraysTi-GkfrI6psn1WXZH4DOr_8m5ed5qQe3AwysNTzy7u2IfPYX6AnD0M1UEaJxd95AYvIFyCQA2HYXR0bmV0c4gAGAAAAAAAAIRldGgykGqVoakEAAAA__________-CaWSCdjSCaXCEovRTc4RxdWljgiMpiXNlY3AyNTZrMaEDpDZx6jeDrffAwEf938olALrJM9tTzclJYxGdaZrNX7yIc3luY25ldHMAg3RjcIIjKIN1ZHCCIyg,16Uiu2HAmPi1N6MZ7bNX5c77MT822mUgwrdfFNwBtkjDYj8kriJAw,/ip4/162.244.83.115/tcp/9000,286688,"{""seq_number"":16277,""attnets"":""0018000000000000"",""syncnets"":""00""}","[11,12]","[11,36,12,36]",Lighthouse/v5.1.3-3058b96/x86_64-linux,FLY_MACHINE_ID,FLY_REGION,1716912395048
enr:-L64QG19tkQo5ydhIcOOdILas4Hhp7hAcBMAHcR9lNnEiNXECzy6MVgyu3_54yBR9NKmpoWnxqtF1yYAubLKywrXVjOCAt6HYXR0bmV0c4gAAAMAAAAAAIRldGgykGqVoakEAAAA__________-CaWSCdjSCaXCEojf7XolzZWNwMjU2azGhAx7TUpfEYRjG7Tfri1OpQu0ig160-Ltng2Ji3MWuALxfiHN5bmNuZXRzAIN0Y3CCIyiDdWRwgiMo,16Uiu2HAmEjKUak7Lg74XX7FvKBBSSM1Zyvxx9PB6MH3FDcLkr8Zk,/ip4/162.55.251.94/tcp/9000,286688,"{""seq_number"":619,""attnets"":""0000030000000000"",""syncnets"":""00""}","[16,17]","[57,17,16,57]",Lighthouse/v5.1.3-3058b96/x86_64-linux,FLY_MACHINE_ID,FLY_REGION,1716912419014
enr:-L64QBvKczlAjRyYJnza4rDbs37j5ydLiImAY_Sm3jsabKk1Ii6VEpQWMCEMV8zn3JF-R2BKnGjs4Lcg7i-6G7dQsuOCBmWHYXR0bmV0c4gDAAAAAAAAAIRldGgykGqVoakEAAAA__________-CaWSCdjSCaXCEw8m7LolzZWNwMjU2azGhAwy8riC8INWsTGwYuOvUcp-U_1Hgmo57-tVwNLNitGoViHN5bmNuZXRzAIN0Y3CCIyiDdWRwgiMo,16Uiu2HAmDWi7VRiYVnjHFtVToToNYgksN8d5J2SkgoMYVi8ygrm2,/ip4/195.201.187.46/tcp/9000,286688,"{""seq_number"":1511,""attnets"":""0300000000000000"",""syncnets"":""00""}","[0,1]","[1,57,0,57]",Lighthouse/v5.1.3-3058b96/x86_64-linux,FLY_MACHINE_ID,FLY_REGION,1716912419014
enr:-Ma4QDhSQ_teXy4W2afNjjW1YVrrZMbh-R_0ncQgozhD7AYLbzar7J2htXdrAhk-znUXj5H_EG28VjmwbgIQHPohudCCAg2HYXR0bmV0c4gAAMAAAAAAAIRldGgykGqVoakEAAAA__________-CaWSCdjSCaXCEYnFEDYRxdWljgiMpiXNlY3AyNTZrMaEDBRU3E2lyaZw12wutwtU0gX5pO_sM0oCPxXe8y1nOMlyIc3luY25ldHMAg3RjcIIjKIN1ZHCCIyg,16Uiu2HAmCzq9mE2w2gYEPWxQFAteG8XEMxj4cHqXuJvzHvYmvNMy,/ip4/98.113.68.13/tcp/9000,286688,"{""seq_number"":424,""attnets"":""0000c00000000000"",""syncnets"":""00""}","[22,23]","[23,22,63]",Lighthouse/v5.1.3/aarch64-macos,FLY_MACHINE_ID,FLY_REGION,1716912470988
enr:,16Uiu2HAmTAPtrEyp8Zt7zrxJNMz9hsykpxJfqRo9VsDYKWojwqYj,/ip4/87.228.184.194/tcp/13000,285507,"{""seq_number"":18,""attnets"":""0000000000600000"",""syncnets"":""00""}","[45,46]","[14,15]",Prysm/v4.1.1/97edffaff5e368c28fc8094e0193848676db557d,FLY_MACHINE_ID,FLY_REGION,1716912482968
enr:,16Uiu2HAmJpi1jfLeYGt9VBtFAzCvLi2CBb2pupaa1Fkzy1HjR4eM,/ip4/89.202.64.28/tcp/2541,286688,"{""seq_number"":11,""attnets"":""000000c000000000"",""syncnets"":""00""}","[30,31]","[2,45,22,10,37,61,6,60,15,14,31,17,19,38,51,18,9,47,43,48,54,30,21,41,27,24,46,26,3,5,42,52,7,57,33,23,11,55,36,4,13,16,56,49,28,53,35,29,50,0,34,63,40,25,58,39,32,44,62,1,12,20,8,59]",Prysm/v5.0.3/38f208d70dc95b12c08403f5c72009aaa10dfe2f,FLY_MACHINE_ID,FLY_REGION,1716912499876
enr:-Ma4QOz6kLKKhjDZvwZ26XPlos--j_sk1q2LSncxLiJJ8AtLWB2KVf0l7SpvSBQcxDo4ieASngL7XQpzFuCqtfySH4CCVJ-HYXR0bmV0c4gAMAAAAAAAAIRldGgykGqVoakEAAAA__________-CaWSCdjSCaXCEk4dBe4RxdWljgiMpiXNlY3AyNTZrMaECGMkQXii5VHuPMtGqlOZ3PBleD0juUsxstpQEXg6GwZWIc3luY25ldHMAg3RjcIIjKIN1ZHCCIyg,16Uiu2HAkw6RayxHKbzppkrRigSajME4tYUYJRYzh2yaJYGNe76FN,/ip4/147.135.65.123/tcp/9000,286688,"{""seq_number"":21604,""attnets"":""0030000000000000"",""syncnets"":""00""}","[12,13]","[12,13,2]",Lighthouse/v5.1.2-5ce1619/x86_64-linux,FLY_MACHINE_ID,FLY_REGION,1716912539544
enr:,16Uiu2HAm1CJ2cnTSFxeTAJHxtb6n3Z8oMk8TM2APHTQ8qgu1KbpY,/ip4/129.126.139.68/tcp/22728,286688,"{""seq_number"":371,""attnets"":""0000000000000018"",""syncnets"":""00""}","[59,60]","[60,12,59]",Lighthouse/v5.1.2-5ce1619/x86_64-linux,FLY_MACHINE_ID,FLY_REGION,1716912558828
enr:-Ma4QFn0KkDVHMYItt1gRIW_e6GgXLdYJ_xUgqXCVO7MZy0zeuvdS-pTuLUNX6OcE9LOwfIgSNhPPWzyY2RLI1yOAuiCAQ-HYXR0bmV0c4gBAAAAAAAAgIRldGgykGqVoakEAAAA__________-CaWSCdjSCaXCEohNW5IRxdWljgiMpiXNlY3AyNTZrMaECt2zLcpiZKN8OUnCkFCG5s5CSwkZ2yOLh0swgxR5JENuIc3luY25ldHMFg3RjcIIjKIN1ZHCCIyg,16Uiu2HAm7mgomypi9rZkcLDL314uNtEvV61hcTyFCrtPven2Mq5c,/ip4/162.19.86.228/tcp/9000,286688,"{""seq_number"":242,""attnets"":""0100000000000080"",""syncnets"":""05""}","[0,63]","[58,0,59,50,63,21]",Lighthouse/v5.1.3-3058b96/x86_64-linux,FLY_MACHINE_ID,FLY_REGION,1716912568936
enr:,16Uiu2HAmGVLxNnFaV5PTur4qwbBsaBF6v8M8r7PPuodgJn78qzMD,/ip4/211.219.19.136/tcp/34158,286688,"{""seq_number"":367,""attnets"":""0000000006000000"",""syncnets"":""00""}","[33,34]","[11,34,33,44]",Lighthouse/v5.1.3-3058b96/x86_64-linux,FLY_MACHINE_ID,FLY_REGION,1716912577478
enr:,16Uiu2HAmM7tr4P1zUH4T5bi4Y7z83zJA2WdVWQak13oJ3nypRVLW,/ip4/13.60.75.129/tcp/30131,286688,"{""seq_number"":18,""attnets"":""c000000000000000"",""syncnets"":""00""}","[6,7]","[11,0,19,36,59,12,3,37,48,30,15,53,5,24,31,56,35,44,18,2,41,34,42,62,54,17,39,7,16,9,13,10,38,23,55,22,4,6,32,29,21,40,46,61,45,51,49,52,33,1,57,50,47,8,14,60,43,25,26,20,58,27,63,28]",Prysm/v5.0.3/38f208d70dc95b12c08403f5c72009aaa10dfe2f,FLY_MACHINE_ID,FLY_REGION,1716912581475
enr:,16Uiu2HAmGVLxNnFaV5PTur4qwbBsaBF6v8M8r7PPuodgJn78qzMD,/ip4/211.219.19.136/tcp/59282,286688,"{""seq_number"":367,""attnets"":""0000000006000000"",""syncnets"":""00""}","[33,34]","[11,34,39,33,60]",Lighthouse/v5.1.3-3058b96/x86_64-linux,FLY_MACHINE_ID,FLY_REGION,1716912589428
enr:-Ma4QGm9JzGSxyOZ5SeUVt3DyPX_WCm8qa2uau7ysWmwBYHREJED9930zagK2DXI6Zpg752oQOYIiYWjHcV2cH1F8IeCAYyHYXR0bmV0c4gAAAAAAMAAAIRldGgykGqVoakEAAAA__________-CaWSCdjSCaXCE09sTi4RxdWljgiMpiXNlY3AyNTZrMaEDtycpB-NL_lcN49HAPtGY2l1mata3TBwxqL2rgmmk_byIc3luY25ldHMAg3RjcIIjKIN1ZHCCIyg,16Uiu2HAmQywbLeqFiYoNreuhFt2DSdGwhtK2opnqYNSPR5vUn47V,/ip4/211.219.19.139/tcp/9000,286688,"{""seq_number"":373,""attnets"":""0000000000c00000"",""syncnets"":""00""}","[46,47]","[40,46,47,9,40]",Lighthouse/v5.1.3-3058b96/x86_64-linux,FLY_MACHINE_ID,FLY_REGION,1716912599146
enr:-Ma4QFdfZKmJjF_xXNGR1Rdclt7p2BxiLDNtwHmwuREPDbHEWqe7AagHHCytJ7t4ABTA1td4jNtRrtzPY48yFbpFF9SCAcaHYXR0bmV0c4gAAAAAAAAABoRldGgykGqVoakEAAAA__________-CaWSCdjSCaXCEDeSH24RxdWljgqvhiXNlY3AyNTZrMaECQ0Ie32OWokFYdqDBhPRxfjqKfV7XeJ70_rAML91MwWKIc3luY25ldHMPg3RjcIKr4IN1ZHCCq-A,16Uiu2HAkyxDmo6rrikL7WiMenrmeKvBwCL7tL1MzCJwkgsy2YZNy,/ip4/13.228.135.219/tcp/44000,286688,"{""seq_number"":439,""attnets"":""0000000030000000"",""syncnets"":""07""}","[36,37]","[31,55,38,1,50,20,37,61,4,8,36,33]",Lighthouse/v5.1.3-3058b96/x86_64-linux,FLY_MACHINE_ID,FLY_REGION,1716912601773
enr:-Ly4QHgCU69-mD-A81ZEic0cEtdCDv5OWPdV4x3HvZ-d-qpbZp9ieOFic2qoCFsTnJWf1a_AhgmP2hFIkmgItgsqT9gRh2F0dG5ldHOIAMAAAAAAAACEZXRoMpBqlaGpBAAAAP__________gmlkgnY0gmlwhA_Mj1iJc2VjcDI1NmsxoQIU_GtCtG_F2YRiks41W6dVsJ5gfU235WUAEsBk6_WtgIhzeW5jbmV0cw-DdGNwgiMog3VkcIIjKA,16Uiu2HAkvqbNgNDjDxcn1NgzMFZr9zzM5GyssQ2kdXUvQexXaEC7,/ip4/15.204.143.88/tcp/9000,286689,"{""seq_number"":15,""attnets"":""00c0000000000000"",""syncnets"":""0f""}","[14,15]","[11,36,16,30,44,2,42,33,3,23,34,13,62,46,14,7,27,28,6,41,9,24,40,15,22,59,32,50,55,61,43,4,48,20,19,10,54,5,56,12,0,18,37,25,8,58]",nimbus,FLY_MACHINE_ID,FLY_REGION,1716912607122
enr:-Ma4QJJWizx6gQIcDh8Wl4h60R8xgi8KYDQgO_OGManEyr5KZ4VO7XgUxx9tU9k5BsfQhkyejYosND-t4_CSSE0yv22CA0KHYXR0bmV0c4gAAAAAYAAAAIRldGgykGqVoakEAAAA__________-CaWSCdjSCaXCEGBsoWYRxdWljgiMpiXNlY3AyNTZrMaEDyiJX8IL4S_419i_tIz55u3IbTSQ1ob994ZmuT7IFc9uIc3luY25ldHMAg3RjcIIjKIN1ZHCCIyg,16Uiu2HAmSG35YXSJyh14yMQXRFjFnL1huBLkqNtSahV42TZaxVAz,/ip4/24.27.40.89/tcp/9000,286689,"{""seq_number"":791,""attnets"":""0000000060000000"",""syncnets"":""00""}","[37,38]","[38,47,37,10]",Lighthouse/v5.1.3-3058b96/x86_64-windows,FLY_MACHINE_ID,FLY_REGION,1716912629951
enr:-Ma4QFHaryi_8rP5wHFsHYEj15j5I6CELtZW_G-1tZhNcO5yJS9SGkgCK8-PluCGM0k2bbtxxtv5lFxGsphyKHLlByKCBIqHYXR0bmV0c4gAAAAAAADAAIRldGgykGqVoakEAAAA__________-CaWSCdjSCaXCEEKq5aIRxdWljgqQRiXNlY3AyNTZrMaED7-YiqiXbLHAPwkapVL-d7CSyt5KMcruHF5F92biHLYSIc3luY25ldHMIg3RjcIKkEIN1ZHCCpBA,16Uiu2HAmUoTKhtKU7cem2wbf5XgoofUTiBSb6QGnZEBUt9j5FnEF,/ip4/16.170.185.104/tcp/42000,286689,"{""seq_number"":1142,""attnets"":""000000000000c000"",""syncnets"":""08""}","[54,55]","[7,22,41,61,53,35,37,27,38,47,36,55,25,5,43,44,51,30,58,48,34,54,50,59,44,36,16,7,7,58,22,27,34,8,51,15,5,39,21]",Lighthouse/v5.1.3-3058b96/x86_64-linux,FLY_MACHINE_ID,FLY_REGION,1716912659100
enr:-MK4QCcidyZ34A5Mbr5WEymZvX9C70jwtnpL-n3F4hebRbH2f0I_HT6XkdZOzLf22qbpUz3NelKfAPkD2KeB7uaNAmaGAY8qBuROh2F0dG5ldHOIAwAAAAAAAACEZXRoMpBqlaGpBAAAAP__________gmlkgnY0gmlwhEPRNSqJc2VjcDI1NmsxoQJRtWkGF75UfXBTCfbZKFJByh7pXNmZc5N1DR90G6Mxv4hzeW5jbmV0cwCDdGNwgjLIg3VkcIIu4A,16Uiu2HAkzvdSgjoaFMd8CUZEYCe1GEQainUQCvsRKuQvkmgR8x7p,/ip4/67.209.53.42/tcp/13000,286689,"{""seq_number"":35,""attnets"":""0300000000000000"",""syncnets"":""00""}","[0,1]","[0,1,8]",Prysm/v5.0.3/38f208d70dc95b12c08403f5c72009aaa10dfe2f,FLY_MACHINE_ID,FLY_REGION,1716912660811
enr:-Ma4QFhM2BUT69gJPlPh3Mf0WoAxG2fMUYlmUNQGUX3uGJmcNDnyxZYFSIYmR8LAwiOiNPFocStk7wbVFdH7X6qYO3WCcLOHYXR0bmV0c4gAAAAAAAAGAIRldGgykGqVoakEAAAA__________-CaWSCdjSCaXCEIk3uPYRxdWljgiZ9iXNlY3AyNTZrMaEDRpoeA3g_HrFW7VOrHVDUSKaILdnkpSsRXcC8VncEoBSIc3luY25ldHMGg3RjcIImfIN1ZHCCJnw,16Uiu2HAmHQbC4bRTKZ1ERziAgL9hnjPVYJjJgR7SK39tqzMwQ4TD,/ip4/34.77.238.61/tcp/9852,286689,"{""seq_number"":28781,""attnets"":""0000000000000600"",""syncnets"":""06""}","[49,50]","[49,57,35,8,50,62,22,31,26,20]",Lighthouse/v5.1.3-3058b96/x86_64-linux,FLY_MACHINE_ID,FLY_REGION,1716912689040
enr:,16Uiu2HAmMgB9FgWEEwxaWXvBRt8bdkBfcQ1Gq6rCiRMnqBQ2VmjR,/ip4/57.128.117.158/tcp/9000,286689,"{""seq_number"":840,""attnets"":""0000003000000000"",""syncnets"":""04""}","[28,29]","[59,12,24,29,31,19,11,28]",Lighthouse/v5.1.3-3058b96/x86_64-linux,FLY_MACHINE_ID,FLY_REGION,1716912689061
enr:-Ma4QB3l2MQC2xKgRkQwnowTsqlxMaznkJ3pCXAJbsbqEf14EvSSYxcm2rSTVVVjdkNLMTGuR8Qf524Yxp1jaDIVUYGCASqHYXR0bmV0c4gAAAAAAAAAA4RldGgykGqVoakEAAAA__________-CaWSCdjSCaXCEU26HkIRxdWljgiORiXNlY3AyNTZrMaECikCssnYrTSvYA6WA_hOUqIKzDiCYOkYBCxAjLEY3pjqIc3luY25ldHMPg3RjcIIjkIN1ZHCCI5A,16Uiu2HAm4jMSXDndL2Ve6fx8o3PycDWbs43urebWDvjXD45QVeky,/ip4/83.110.135.144/tcp/9104,286689,"{""seq_number"":259,""attnets"":""0000000000000003"",""syncnets"":""0f""}","[56,57]","[56,57,17]",Lighthouse/v5.1.3-3058b96/x86_64-linux,FLY_MACHINE_ID,FLY_REGION,1716912690080
enr:-Ma4QGjjPEcEt2t-R10Hx5A0_4uYhzWn5hyyLuxCU1DM8lZDV69LkajnwD9W0cu1haYY7HcWfrE6QvBdV45qsg3jMLqCARKHYXR0bmV0c4gAAAAAYAAAAIRldGgykGqVoakEAAAA__________-CaWSCdjSCaXCED-vaPIRxdWljgiMpiXNlY3AyNTZrMaEDSqbSSIR2EIZwsI6RnjCe6xlbHeuxdpxmhpvIwHp4HrSIc3luY25ldHMPg3RjcIIjKIN1ZHCCIyg,16Uiu2HAmHgQ4KGWFvVGyX2JN9PdDddBNYe2tVf54dzKTCaKLSrtj,/ip4/15.235.218.60/tcp/9000,286689,"{""seq_number"":245,""attnets"":""0000000060000000"",""syncnets"":""0f""}","[37,38]","[62,53,2,52,24,36,20,59,43,54,35,0,40,1,27,33,10,19,46,16,37,4,30,38,13,44,22,47,12,48,21,61,41,7,9,17,45,3,28,29,42]",Lighthouse/v5.1.3-3058b96/x86_64-linux,FLY_MACHINE_ID,FLY_REGION,1716912690487
enr:,16Uiu2HAmP5m47EHait3njtJNfhgkdufrQ8g7zKYmrhtkoJkwcvKk,/ip4/119.31.250.13/tcp/13000,286689,"{""seq_number"":31,""attnets"":""0000000000000c00"",""syncnets"":""00""}","[50,51]","[57,2,15,62,27,24,9,36,41,45,34,47,54,11,50,59,49,10,3,33,29,35,7,1,51,63,8,43,38,37,42,5,31,52,4,40,0,6,14,26,32,61,44,53,55,39,21,60,28,20,25,12,17,23,58,22,46,16,48,56,13,30,19,18]",Prysm/v5.0.0/b7b017f5b607f04d4e9056a1ec8a6851a9c7da29,FLY_MACHINE_ID,FLY_REGION,1716912702362
enr:,16Uiu2HAmBAjqpuhyBHsvoQCBU8B7tCaJwyGSYu8AJsYbNNHnNGcN,/ip4/221.148.45.118/tcp/46372,286689,"{""seq_number"":426,""attnets"":""0000800100000000"",""syncnets"":""00""}","[23,24]","[24,2,23]",Lighthouse/v5.1.3-3058b96/x86_64-linux,FLY_MACHINE_ID,FLY_REGION,1716912709353
enr:-Ma4QMxMkQwgxmtS1EZi_-06keUjxKgeQBFJHcfggqqngWd0R7Rc1fT9CzRVdfzufnUSEqaVkbavTXN4toiCyg0l8p2CAbqHYXR0bmV0c4gAAAAAAAAAA4RldGgykGqVoakEAAAA__________-CaWSCdjSCaXCEEKq5aIRxdWljgqvhiXNlY3AyNTZrMaEDB8MpspoE5kj7KBhD_ehd3MvVK2Ikc9EY0pnanoUfiI2Ic3luY25ldHMIg3RjcIKr4IN1ZHCCq-A,16Uiu2HAmDBHonsA8gWoQABKw134ssyGCMnniVHMGn8GKuCNu6ohW,/ip4/16.170.185.104/tcp/44000,286689,"{""seq_number"":422,""attnets"":""0000000000000003"",""syncnets"":""08""}","[56,57]","[6,51,3,56,52,4,30,37,12,63,54,8,43,40,23,38,9,53,57,58,52,40,12,49,43,62,51,61,18,41]",Lighthouse/v5.1.3-3058b96/x86_64-linux,FLY_MACHINE_ID,FLY_REGION,1716912719154
enr:-Ly4QMGcKdqQox9vMet3slmEEqRlgMm2XYPYVu2tGQdlGSH7eQkriA4_DH_xYZtn3VVZ7sDJVD_cWR9pUnz6odh5FNQPh2F0dG5ldHOIAAAAAAwAAACEZXRoMpBqlaGpBAAAAP__________gmlkgnY0gmlwhNW9ghiJc2VjcDI1NmsxoQOupl3HzKpXu4p9cgIFKgMh8HJy_WnnPfrzSXTNQkb4xIhzeW5jbmV0cwCDdGNwgiMog3VkcIIjKA,16Uiu2HAmQQkRcqnRXsobGZNU9irGMnv5si4oicwUVokSYqG4CqUX,/ip4/213.189.130.24/tcp/9000,286689,"{""seq_number"":13,""attnets"":""000000000c000000"",""syncnets"":""00""}","[34,35]","[61,34,26,0,29,46,37,28,35,8,1,11]",nimbus,FLY_MACHINE_ID,FLY_REGION,1716912719910
enr:,16Uiu2HAmJAqp8veR6hGWjz1pQceRVr55sZVQXgozi4NoGfKWvce5,/ip4/46.189.203.136/tcp/9001,286689,"{""seq_number"":7,""attnets"":""0000060000000000"",""syncnets"":""00""}","[17,18]","[17,20,18]",Prysm/v5.0.2/b3053dc96ad2b89fc66ce44009178a010cd2258d,FLY_MACHINE_ID,FLY_REGION,1716912729734
enr:-Ly4QM9qbenwSnue80qfAtpwX6JOP-Fad323EeaEW3jzzym5YSSpsRzNVzWrJVajJ5-6M2tt1XTujjhAaln5bDoAo_4Oh2F0dG5ldHOIAAAAAAAAgAGEZXRoMpBqlaGpBAAAAP__________gmlkgnY0gmlwhNW9ghWJc2VjcDI1NmsxoQLFsxBtCkCwyChdR29xm8l1BIocCmI6erLIfN9OhEemV4hzeW5jbmV0cwCDdGNwgiMog3VkcIIjKA,16Uiu2HAm8jQfLG51kgaLcS2jRHte3uWapW2T4WRX9Z9jbdVMrvir,/ip4/213.189.130.21/tcp/9000,286689,"{""seq_number"":12,""attnets"":""0000000000008001"",""syncnets"":""00""}","[55,56]","[44,60,53,13,56,7,9,55,1]",nimbus,FLY_MACHINE_ID,FLY_REGION,1716912744602
enr:-Ma4QFLGrLipwoEzEWpwM8IBQHV2gPMUPjCD01jnReG8hmrXa2kisCauyhwLpJ4jumVv3WMe-4-2sXHmU4sou8Z77FiCBWCHYXR0bmV0c4gADAAAAAAAAIRldGgykGqVoakEAAAA__________-CaWSCdjSCaXCEM1tqUIRxdWljgiMpiXNlY3AyNTZrMaEDRDTr-uuuLLKj4d2pfq_8M7wZrhDoKO0UpTGXVJ8aYh-Ic3luY25ldHMPg3RjcIIjKIN1ZHCCIyg,16Uiu2HAmHFEsu8VCyXTMErXYApVLszwYDVhHa2hLpoZ1oMdCTTn6,/ip4/51.91.106.80/tcp/9000,286689,"{""seq_number"":1338,""attnets"":""000c000000000000"",""syncnets"":""0f""}","[10,11]","[21,61,11,10]",Lighthouse/v5.1.3-3058b96/x86_64-linux,FLY_MACHINE_ID,FLY_REGION,1716912748945
enr:-Ly4QDi1goU0r2hAaVeXuP3OdrGU_beZWwLGxrKwKAMJF14FLfVABuxtZ-oDhiwUOzarfrm5TuOsQpBdkYbi4Cbv_i8Qh2F0dG5ldHOIABgAAAAAAACEZXRoMpBqlaGpBAAAAP__________gmlkgnY0gmlwhDNP5hqJc2VjcDI1NmsxoQLWSxMVYHr76qTANuKKn1AtNKyNva1T7DL0mDDE_TKr9YhzeW5jbmV0cwKDdGNwgiMog3VkcIIjKA,16Uiu2HAm9rBd89PjuhKQJ8HqKmmpjS9M5GY8yY1CmyCBsoEctrrp,/ip4/51.79.230.26/tcp/9000,286689,"{""seq_number"":10,""attnets"":""0018000000000000"",""syncnets"":""02""}","[11,12]","[11,12,3]",lodestar/v1.18.1,FLY_MACHINE_ID,FLY_REGION,1716912750627
enr:-Ma4QIPlI5Iw6WGqfmTdxrnIH_Do1k3CylqEjjZq8HBzRqXWI-F5mek_Z-G_tAGafJB2pSmYIrKteVaTtHMshK-t7XuCAXOHYXR0bmV0c4gAGAAAAAAAAIRldGgykGqVoakEAAAA__________-CaWSCdjSCaXCENvmt34RxdWljgjLJiXNlY3AyNTZrMaECZETvWaROj3L8tnNmFPXR_AbSYCkXe3L2px_Ky1Xb1dmIc3luY25ldHMHg3RjcIIyyIN1ZHCCLuA,16Uiu2HAm2B5iVaC8bGVhwZ2QHsH2dy8VFzfqCFqptMYTPzTNzVrQ,/ip4/54.249.173.223/tcp/13000,286689,"{""seq_number"":1217,""attnets"":""0018000000000000"",""syncnets"":""07""}","[11,12]","[62,12,4,39,3,43,36,25,59,17,11,38,26,16]",rust-libp2p/0.44.1,FLY_MACHINE_ID,FLY_REGION,1716912751144
enr:-Ma4QLf17ChXCyBWfRJn6UldJuuQON87tOEJ3kBrptOIUxpTW55g0GY0ibK2WIwF-6Ab9kKJclWkAjXuAEFvneH1DFmCA9CHYXR0bmV0c4gAAAAAABgAAIRldGgykGqVoakEAAAA__________-CaWSCdjSCaXCEvlzYmYRxdWljgnZniXNlY3AyNTZrMaEClWBw8i7T0EyKjZx5Hx9vlWLuf15y97fIbjjet6DS55GIc3luY25ldHMIg3RjcIJ2ZoN1ZHCCdmY,16Uiu2HAm5Un27hbfr2abdcF6GDdrMz1LHQPppxdF12dBEbp8Nnvc,/ip4/190.92.216.153/tcp/30310,286689,"{""seq_number"":635,""attnets"":""0000000000180000"",""syncnets"":""08""}","[43,44]","[61,44,50,43]",Lighthouse/v5.1.3-3058b96/x86_64-linux,FLY_MACHINE_ID,FLY_REGION,1716912751442
enr:,16Uiu2HAmNmTt6f2nbfL6bKTmA7PURXg2GxnMYqmx7WKtSCn3JtUm,/ip4/169.150.197.122/tcp/18120,286689,"{""seq_number"":370,""attnets"":""0000000000000003"",""syncnets"":""00""}","[56,57]","[56,57,38]",Lighthouse/v5.1.0-10a38a8/x86_64-linux,FLY_MACHINE_ID,FLY_REGION,1716912758771
enr:,16Uiu2HAmBAjqpuhyBHsvoQCBU8B7tCaJwyGSYu8AJsYbNNHnNGcN,/ip4/221.148.45.118/tcp/55960,286689,"{""seq_number"":426,""attnets"":""0000800100000000"",""syncnets"":""00""}","[23,24]","[33,24,23]",Lighthouse/v5.1.3-3058b96/x86_64-linux,FLY_MACHINE_ID,FLY_REGION,1716912769311
enr:-MK4QGuczK_WLTvNOwuZX5ziC-99pSvMLeU4R3puXkESo5TVSvnJr9C716T7nhM8mvipffTNN5yHWCbifjFf2uQTWtCGAY-aM2Hmh2F0dG5ldHOIAAAAGAAAAACEZXRoMpBqlaGpBAAAAP__________gmlkgnY0gmlwhBdvuVqJc2VjcDI1NmsxoQK-vvsFWR0tEMBThxUZd100z9RRRAZv8RhDEyNPRudWh4hzeW5jbmV0cwCDdGNwgjLIg3VkcIIu4A,16Uiu2HAm8GGM4hKQF4iDuBnRXn5rQCHUNx5RpY6duGwsDg89F9Gr,/ip4/23.111.185.90/tcp/13000,286689,"{""seq_number"":8,""attnets"":""0000000000800100"",""syncnets"":""00""}","[47,48]",[41],Prysm/v5.0.3/38f208d70dc95b12c08403f5c72009aaa10dfe2f,FLY_MACHINE_ID,FLY_REGION,1716912771144
enr:-MS4QMGiMPTCxpD-HEKXSsa4p9PIqMmL3e7vrHYDdst9vzctc4gQUhuiXP-y94DJMoCkOngPaQGgyQbpqKVlMkj2sllmh2F0dG5ldHOIAAAAAAAMAACEZXRoMpBqlaGpBAAAAP__________gmlkgnY0gmlwhAjRaxuEcXVpY4IjKYlzZWNwMjU2azGhAwy6cOSaIDwhFkdqp0WU8PngxNLipCVGKG7BGCzN_cb3iHN5bmNuZXRzD4N0Y3CCIyiDdWRwgiMo,16Uiu2HAmDWg8dVxQM9BzFpPmDdkwn1p172xjN4Gk3QjYwayzjEk6,/ip4/8.209.107.27/tcp/9000,286689,"{""seq_number"":87,""attnets"":""00000000000c0000"",""syncnets"":""0f""}","[42,43]","[43,42,27]",Lighthouse/v5.1.3-3058b96/x86_64-linux,FLY_MACHINE_ID,FLY_REGION,1716912779013
enr:-Ma4QGbEpLp5kiLKX1xBcW_ngT1PaYlBy8gJNC4FoolVSIdsS79HV-ALnJBZKSqXSRXs9-LDftAodrDAA7JQcT-u2iiChKeHYXR0bmV0c4gAGAAAAAAAAIRldGgykGqVoakEAAAA__________-CaWSCdjSCaXCEIk56goRxdWljgiZ9iXNlY3AyNTZrMaECjYYKckdsy9CrPwijxdpU5RI6zIxZ5TYi-5FZrq5SehaIc3luY25ldHMAg3RjcIImfIN1ZHCCJnw,16Uiu2HAm4x81do1vHw7fYgZ7mG9oWb4hUvS8TipqFhPMYHas5SfP,/ip4/34.78.122.130/tcp/9852,286689,"{""seq_number"":33910,""attnets"":""0018000000000000"",""syncnets"":""00""}","[11,12]","[11,12,29,42,6,42,38]",Lighthouse/v5.1.3-3058b96/x86_64-linux,FLY_MACHINE_ID,FLY_REGION,1716912779391
enr:-MS4QBw3kcOkLWmlr5o-6lRvdZ976Rvu-gupW4a-vJ3CkomvKKFTOdvTbjcBU6VY-AHRPWRCVFUn9pi2GYGq8HDXduF-h2F0dG5ldHOIAAAAADAAAACEZXRoMpBqlaGpBAAAAP__________gmlkgnY0gmlwhCJDSt2EcXVpY4IjKYlzZWNwMjU2azGhA7BCT0KsecD9UBgLaK1ZFnS29jSUB5x6VVaFwTXLyG0HiHN5bmNuZXRzD4N0Y3CCIyiDdWRwgiMo,16Uiu2HAmQX2kTDkgRhmzi8dupijfm3RpYuhW2KAYgKmZyLibJcXg,/ip4/34.67.74.221/tcp/9000,286689,"{""seq_number"":111,""attnets"":""0000000030000000"",""syncnets"":""0f""}","[36,37]","[56,26,17,16,63,36,5,37,48,28,61,30]",Lighthouse/v5.1.3-3058b96/x86_64-linux,FLY_MACHINE_ID,FLY_REGION,1716912779679
enr:-MS4QPDPzhm1gl92NxQVyFlBAu9-NXzhRW2Nps5paeO37bvBfWQNYuPAgTu7fTlENOJJEZ9SMDent1bkpESEnPKi3jVqh2F0dG5ldHOIAAAAAAAAAAaEZXRoMpBqlaGpBAAAAP__________gmlkgnY0gmlwhDNR3YKEcXVpY4IjKYlzZWNwMjU2azGhAsSwZiEcF-G9sGSgFVtny8KgnbtRmkRSVODyX2c5tsxdiHN5bmNuZXRzD4N0Y3CCIyiDdWRwgiMo,16Uiu2HAm8fTtyN1VpYf3NXKgeYa1nzh7KtcC4bd6JWf7s2SM4FDN,/ip4/51.81.221.130/tcp/9000,286689,"{""seq_number"":91,""attnets"":""0000000000000006"",""syncnets"":""0f""}","[57,58]","[63,56,5,61,58,17,30,48,28,26,57,16,37]",Lighthouse/v5.1.3-3058b96/x86_64-linux,FLY_MACHINE_ID,FLY_REGION,1716912779984
enr:-MK4QHts5Ktz2C3n3bbZ5igPdm9mMGn_eVrTWFmigWFNGDJXAXSOWi2R4OdvIjJ5bp2yfUXLuHQD_UY_ySmg1rhm8z6GAY-Yc0zdh2F0dG5ldHOIAAAMAAAAAACEZXRoMpBqlaGpBAAAAP__________gmlkgnY0gmlwhANERKyJc2VjcDI1NmsxoQNJMBJeGb1lqgNnrGCBFNfeP9f9HU1S7fmeeYbzYRyG24hzeW5jbmV0cwCDdGNwgjLIg3VkcIIu4A,16Uiu2HAmHagdM38gp7YWF3x8Zn8zTixJbswC7nZu8Us1yzrwij6i,/ip4/3.68.68.172/tcp/13000,286689,"{""seq_number"":11,""attnets"":""00000c0000000000"",""syncnets"":""00""}","[18,19]","[31,43,29,0,4,19,18,45]",Prysm/v5.0.3/38f208d70dc95b12c08403f5c72009aaa10dfe2f,FLY_MACHINE_ID,FLY_REGION,1716912794271
enr:-MS4QKG7XHA3JvMoA7dWRV0syioS4YRlsgu8VMq0R7wWEK6VSm8lraXtKWQd59ZgHVHI2uCFS5WSKWuUXKzRtCn3stV6h2F0dG5ldHOIAAAAAMAAAACEZXRoMpBqlaGpBAAAAP__________gmlkgnY0gmlwhEYiy0KEcXVpY4IjKYlzZWNwMjU2azGhA95GvoZHGKYdrvLt3oaIed96Ejnm6dH8zN8DJAtN0APOiHN5bmNuZXRzAIN0Y3CCIyiDdWRwgiMo,16Uiu2HAmTcfRfdPbPyMNwpVh6jSEJTNbyai54nL8nK8Wb7yQy6LV,/ip4/70.34.203.66/tcp/9000,286689,"{""seq_number"":116,""attnets"":""00000000c0000000"",""syncnets"":""00""}","[38,39]","[39,38,35]",Lighthouse/v5.1.3/x86_64-linux,FLY_MACHINE_ID,FLY_REGION,1716912808851
enr:-MK4QDHxY-PMM2lSrRUwMVnwOlNZkKI3aVp2RtkvCf2MyHYxB86-7npuO6-MkjVMiX8Ad4XJhCB0qsDtZazQZ5fWe7uGAY95jSI5h2F0dG5ldHOIAQAAAAAAAICEZXRoMpBqlaGpBAAAAP__________gmlkgnY0gmlwhEPRNSmJc2VjcDI1NmsxoQON-sWz2DE2rPlkhGwJlp19NlwPFge8ZrA5kYSAVK5M9YhzeW5jbmV0cwCDdGNwgjLIg3VkcIIu4A,16Uiu2HAmNDDcvtXBsfgiqNX2vD6mNBqrVGVMyCCqneQUt4NXbEGk,/ip4/67.209.53.41/tcp/13000,286689,"{""seq_number"":16,""attnets"":""0100000000000080"",""syncnets"":""00""}","[0,63]","[63,4,11,30,0]",Prysm/v5.0.3/38f208d70dc95b12c08403f5c72009aaa10dfe2f,FLY_MACHINE_ID,FLY_REGION,1716912833160
enr:-Ma4QP2RcmoQOLt6YjUagHtr9nTVhr4hyCdjTMZNre80Hof_GJM65_4bSuwBsco6n-s2STrpTDXF8bI0YaPp8blKppeCAVyHYXR0bmV0c4jAAAAAAAAAAIRldGgykGqVoakEAAAA__________-CaWSCdjSCaXCEEsnIjIRxdWljgjLJiXNlY3AyNTZrMaEC09tah0p-_IbhJ8zVSN3vqYK3k-GGqX5eknsWB91zZnSIc3luY25ldHMLg3RjcIIyyIN1ZHCCLuA,16Uiu2HAm9gg13w5kBW2oN4HRWDjQRM7YxCnuAfJN7uwdP2HfBQqh,/ip4/18.201.200.140/tcp/13000,286689,"{""seq_number"":1200,""attnets"":""c000000000000000"",""syncnets"":""0b""}","[6,7]","[22,13,21,7,51,50,12,63,37,35,2,6,19,38]",rust-libp2p/0.44.1,FLY_MACHINE_ID,FLY_REGION,1716912872834
enr:,16Uiu2HAmBR7ouHZh3BUM8RfFLJEbTEuHt99TJ2Ei3M3uY5WwU7cX,/ip4/34.83.144.142/tcp/54570,286689,"{""seq_number"":663,""attnets"":""0000000000060000"",""syncnets"":""0f""}","[41,42]","[20,46,42,40,14,23,41,37]",Lighthouse/v5.1.3-3058b96/x86_64-linux,FLY_MACHINE_ID,FLY_REGION,1716912877218
enr:-Ma4QPqXDCRSlFgCKOd9gIhtQV2FgpLF9JWYI6lKwpHQcHN-ahzbPceG9moWQn-WHGfOlHShFZgtNlOD_dZlV1wXVZCCBgqHYXR0bmV0c4gADAAAAAAAAIRldGgykGqVoakEAAAA__________-CaWSCdjSCaXCEIk7xwIRxdWljgiMqiXNlY3AyNTZrMaEDXQCccvQH3APqyKggcTxUs8nxOKI4-Vjg0jnSVnV2oi6Ic3luY25ldHMAg3RjcIIjKYN1ZHCCIyk,16Uiu2HAmJv2om27J1DrUH1eBtaVPXHArG88c6o4NJizBdaseEKyX,/ip4/34.78.241.192/tcp/9001,286689,"{""seq_number"":1255,""attnets"":""000c000000000000"",""syncnets"":""00""}","[10,11]","[11,21,10]",Lighthouse/v5.1.3/x86_64-linux,FLY_MACHINE_ID,FLY_REGION,1716912899002
enr:,16Uiu2HAmSiUygcXP8RtqNbP8aQFQvQQGLa6sR4sHTLqhVKBxWA5N,/ip4/98.58.198.240/tcp/13103,286689,"{""seq_number"":29,""attnets"":""0000000000000018"",""syncnets"":""00""}","[59,60]","[4,60,59,54]",Prysm/v5.0.0/b7b017f5b607f04d4e9056a1ec8a6851a9c7da29,FLY_MACHINE_ID,FLY_REGION,1716912916643
enr:,16Uiu2HAm7oxorw84FewK1RvrQXHdDgYEDSTQVvqvJHCfmRU1pv14,/ip4/211.219.19.83/tcp/39465,286689,"{""seq_number"":87,""attnets"":""0000060000000000"",""syncnets"":""00""}","[17,18]","[55,35,17,18]",Lighthouse/v5.1.3-3058b96/x86_64-linux,FLY_MACHINE_ID,FLY_REGION,1716912942557
enr:,16Uiu2HAm7oxorw84FewK1RvrQXHdDgYEDSTQVvqvJHCfmRU1pv14,/ip4/211.219.19.83/tcp/20679,286689,"{""seq_number"":87,""attnets"":""0000060000000000"",""syncnets"":""00""}","[17,18]","[29,55,35,17,18]",Lighthouse/v5.1.3-3058b96/x86_64-linux,FLY_MACHINE_ID,FLY_REGION,1716912949373
enr:-Ma4QCTOc1ZM5mX9XQk0qEHaV1nEtOOavnl-VnUpLZIGMvzzfadrE741Ws2JikMNtR4YTIhMwAHG3hcDMSikd-OEizeCA5aHYXR0bmV0c4gAAAAAAIABAIRldGgykGqVoakEAAAA__________-CaWSCdjSCaXCEWrz1tIRxdWljgiMpiXNlY3AyNTZrMaECcD62-qO6tHoO3bGZH7hqHHdMk2y5-8W7cZE686Ly2--Ic3luY25ldHMAg3RjcIITAIN1ZHCCEwA,16Uiu2HAm2yq7BZS5uwEr4bN2tr4wZm8mU1Eh236yJKqe17hMEULE,/ip4/90.188.245.180/tcp/2450,286689,"{""seq_number"":747,""attnets"":""0000000000800100"",""syncnets"":""00""}","[47,48]","[48,59,39,47,39,59]",Lighthouse/v5.1.3-3058b96/x86_64-windows,FLY_MACHINE_ID,FLY_REGION,1716912959546
enr:,16Uiu2HAmE8qF5QPfxxVqvjsjuYKzeA3YcAsVsYtGWFwnMvKrsGFC,/ip4/185.91.48.234/tcp/44026,286689,"{""seq_number"":67,""attnets"":""1800000000000000"",""syncnets"":""00""}","[3,4]","[4,3,27]",nimbus,FLY_MACHINE_ID,FLY_REGION,1716912964021
enr:,16Uiu2HAmVWh9pfRnKa62C5d2B7CUHkZUVgJWtfCqMZU9mTK5bx5y,/ip4/43.201.6.174/tcp/46395,286689,"{""seq_number"":26,""attnets"":""c000000000000000"",""syncnets"":""00""}","[6,7]","[27,39,52,2,48,32,43,28,11,7,29,38,18,36,56,0,57,63,49,23,61,16,20,30,22,45,31,4,3,54,42,14,62,55,44,21,5,59,26,40,53,8,9,50,33,12,47,24,37,6,17,51,13,15,19,41,25,46,10,1,35,58,34,60]",Prysm/v5.0.3/38f208d70dc95b12c08403f5c72009aaa10dfe2f,FLY_MACHINE_ID,FLY_REGION,1716912967719
enr:-Ma4QGDcCHwN6m-znUlTAMUsRU-GAOySs1SSDEUx1tGgxVm1HN2-aJLNGMBzZvGhPQvO2zVqpkSEQ7X9h-noIb3BuLyCBiWHYXR0bmV0c4gMAAAAAAAAAIRldGgykGqVoakEAAAA__________-CaWSCdjSCaXCEIortnIRxdWljgiMqiXNlY3AyNTZrMaECTVWhbZGe17UPkfWfCS2hsbpyBriLHzV79zJjtWQ-GFuIc3luY25ldHMAg3RjcIIjKYN1ZHCCIyk,16Uiu2HAkzdZ72xQX2SfcceamriQs2F6pbRAU4gGiTcucNSyhiMuU,/ip4/34.138.237.156/tcp/9001,286689,"{""seq_number"":1275,""attnets"":""0c00000000000000"",""syncnets"":""00""}","[2,3]","[56,2,3,56]",Lighthouse/v5.1.3/x86_64-linux,FLY_MACHINE_ID,FLY_REGION,1716912971059
enr:-Ma4QNbTuSV3tx-EuPjOGeKwdjLWkOcX82aGqfPB_1jc_aCFGeJqoD-Xe8fXNRVbMFYEztjWGOrCg5M6lCJAuH6QuN6CAyqHYXR0bmV0c4hgAAAAAAAAAIRldGgykGqVoakEAAAA__________-CaWSCdjSCaXCEeYbRxYRxdWljgiMpiXNlY3AyNTZrMaEDub8u8pQ8HMMtUxfemf7CRYp5QtfQEl7ombZdPpfnGceIc3luY25ldHMCg3RjcIIjKIN1ZHCCIyg,16Uiu2HAmRA4rjUsgbJj7JdoU3qouhd1Uz3ETtw8zoxhhc2AK2M6n,/ip4/121.134.209.197/tcp/9000,286690,"{""seq_number"":796,""attnets"":""6000000000000000"",""syncnets"":""02""}","[5,6]","[23,6,5,43]",Lighthouse/v5.1.1-2a3c709/x86_64-linux,FLY_MACHINE_ID,FLY_REGION,1716912993010
enr:,16Uiu2HAmP5m47EHait3njtJNfhgkdufrQ8g7zKYmrhtkoJkwcvKk,/ip4/119.31.250.13/tcp/13000,286690,"{""seq_number"":31,""attnets"":""0000000000000c00"",""syncnets"":""00""}","[50,51]","[9,21,17,52,39,40,25,16,23,31,1,12,37,30,51,43,55,38,54,61,11,41,2,10,7,46,3,28,34,35,5,13,24,18,32,57,4,62,36,22,15,60,49,56,26,6,44,29,14,0,27,20,42,48,45,33,59,47,53,58,63,19,8,50]",Prysm/v5.0.0/b7b017f5b607f04d4e9056a1ec8a6851a9c7da29,FLY_MACHINE_ID,FLY_REGION,1716912996084
